Timestamp,EEG.AF3,EEG.Pz,EEG.AF4,CQ.AF3,CQ.Pz,CQ.AF4,CQ.Overall,EQ.OVERALL,EQ.AF3,EQ.Pz,EQ.AF4,PM.Attention.IsActive,PM.Attention.Scaled,PM.Attention.Raw,PM.Attention.Min,PM.Attention.Max,PM.Engagement.IsActive,PM.Engagement.Scaled,PM.Engagement.Raw,PM.Engagement.Min,PM.Engagement.Max,PM.Excitement.IsActive,PM.Excitement.Scaled,PM.Excitement.Raw,PM.Excitement.Min,PM.Excitement.Max,PM.LongTermExcitement,PM.Stress.IsActive,PM.Stress.Scaled,PM.Stress.Raw,PM.Stress.Min,PM.Stress.Max,PM.Relaxation.IsActive,PM.Relaxation.Scaled,PM.Relaxation.Raw,PM.Relaxation.Min,PM.Relaxation.Max,PM.Interest.IsActive,PM.Interest.Scaled,PM.Interest.Raw,PM.Interest.Min,PM.Interest.Max,PM.Focus.IsActive,PM.Focus.Scaled,PM.Focus.Raw,PM.Focus.Min,PM.Focus.Max,POW.AF3.Theta,POW.AF3.Alpha,POW.AF3.BetaL,POW.AF3.BetaH,POW.AF3.Gamma,POW.Pz.Theta,POW.Pz.Alpha,POW.Pz.BetaL,POW.Pz.BetaH,POW.Pz.Gamma,POW.AF4.Theta,POW.AF4.Alpha,POW.AF4.BetaL,POW.AF4.BetaH,POW.AF4.Gamma,label
1708964225.730739,4487.179688,4075.384521,4147.692383,4.0,4.0,4.0,100.0,,,,,,,,,,,,,,,,,,,,,,,,,,,,,,,,,,,,,,,,,94.412178,52.754475,24.279194,15.651347,12.511419,11.781725,9.010312,2.725941,2.811531,1.555953,98.556839,23.412109,3.357831,3.177171,2.854192,1.0
1708964040.928042,4163.589844,4076.923096,4115.384766,4.0,4.0,4.0,100.0,,,,,,,,,,,,,,,,,,,,,,,,,,,,,,,,,,,,,,,,,154.725052,17.211401,3.217909,3.45998,5.248197,1.13315,3.625671,3.203156,1.077761,0.784061,50.055508,8.594859,2.114388,1.484681,1.437307,-1.0
1708964753.756305,4392.820313,4185.641113,4334.871582,4.0,4.0,4.0,100.0,100.0,4.0,4.0,4.0,,,,,,,,,,,,,,,,,,,,,,,,,,,,,,,,,,,,,35.09864,7.706151,5.107018,2.557402,6.571302,18.835995,5.765544,2.834796,0.814943,1.599928,30.804686,6.899759,4.008519,1.391689,2.055346,1.0
1708964190.095577,4312.307617,4112.307617,4297.436035,4.0,4.0,4.0,100.0,100.0,4.0,4.0,4.0,,,,,,,,,,,,,,,,,,,,,,,,,,,,,,,,,,,,,2.555302,4.561547,7.077967,3.226471,3.505196,1.923858,2.610938,1.864478,2.222956,0.94678,1.830839,1.864564,2.103431,2.232385,1.664275,-1.0
1708964626.970152,4312.820313,4262.05127,4448.717773,4.0,4.0,4.0,100.0,,,,,,,,,,,,,,,,,,,,,,,,,,,,,,,,,,,,,,,,,11.78596,6.320887,3.538696,5.882708,5.196712,2.890747,4.186624,3.334522,2.902307,1.581626,12.128536,5.410011,3.348871,2.661287,2.116909,1.0
1708963869.879268,4471.282227,4285.641113,4417.436035,4.0,4.0,4.0,100.0,,,,,,,,,,,,,,,,,,,,,,,,,,,,,,,,,,,,,,,,,142.838821,23.030767,3.003691,3.955883,3.972913,17.504683,9.342142,2.69621,1.964044,1.514553,45.527336,7.755145,1.794955,1.197438,1.969371,-1.0
1708964471.67587,4475.384766,4047.179443,4188.717773,4.0,4.0,4.0,100.0,66.666664,4.0,4.0,4.0,,,,,,,,,,,,,,,,,,,,,,,,,,,,,,,,,,,,,14.328337,6.829877,6.282571,3.475885,7.69855,10.564447,4.021204,2.704004,1.333273,1.694601,13.367948,3.920394,4.292428,2.909605,2.573303,-1.0
1708964471.925941,4614.871582,4112.307617,4404.102539,4.0,4.0,4.0,100.0,,,,,,,,,,,,,,,,,,,,,,,,,,,,,,,,,,,,,,,,,34.994457,12.096991,5.605425,4.008256,5.57494,14.385608,8.162436,3.178452,2.453923,2.121907,26.463335,8.243639,6.154629,4.920761,2.527385,-1.0
1708964444.168026,4344.615234,4135.384766,4202.05127,4.0,4.0,4.0,100.0,75.0,4.0,4.0,4.0,1.0,0.555631,-0.789234,-2.16537,0.538727,1.0,0.526682,0.739697,-0.29409,1.651194,1.0,0.240138,10.669103,4.816492,27.041629,0.525669,1.0,0.366238,-0.14199,-0.277295,0.076023,1.0,0.307277,0.252591,-0.461478,1.580857,1.0,0.44428,4.266005,-29.061369,43.876532,1.0,0.495333,0.555065,0.481924,0.630498,11.352901,18.095181,2.829005,4.557821,7.090415,7.683393,10.36693,4.732452,2.262748,1.585974,11.086668,19.963892,3.003378,5.34492,2.574905,1.0
1708964041.303149,4207.179688,4071.794922,4195.384766,4.0,4.0,2.0,33.333332,,,,,,,,,,,,,,,,,,,,,,,,,,,,,,,,,,,,,,,,,208.225388,24.023516,4.466021,2.266879,4.844879,0.992816,3.283749,2.714766,0.800481,0.904582,57.216122,11.720489,2.676891,1.312757,1.297437,-1.0
1708963912.141319,4154.871582,3930.256348,4001.025635,4.0,4.0,1.0,50.0,,,,,,,,,,,,,,,,,,,,,,,,,,,,,,,,,,,,,,,,,459.301331,73.931656,10.353837,5.472389,3.42792,1.43319,9.375868,2.551118,1.69461,1.996978,97.983833,16.606709,2.565309,0.741127,1.444467,-1.0
1708964578.831425,4332.820313,4166.666504,4329.230957,4.0,4.0,4.0,100.0,,,,,,,,,,,,,,,,,,,,,,,,,,,,,,,,,,,,,,,,,46.185009,9.252409,2.77101,6.838557,4.454714,8.354736,4.272227,2.387585,2.42661,2.21548,27.680185,7.145046,3.804194,2.357723,2.60831,0.0
1708964467.174586,4215.384766,4148.205078,4312.307617,4.0,4.0,4.0,100.0,83.333336,3.0,4.0,4.0,,,,,,,,,,,,,,,,,,,,,,,,,,,,,,,,,,,,,78.712234,20.671318,5.030336,3.466752,3.847469,5.485522,9.458224,6.612723,2.250267,2.802446,48.023445,11.477633,4.518247,3.974966,2.361194,-1.0
1708963909.640606,4464.102539,4126.153809,4225.641113,4.0,4.0,4.0,100.0,,,,,,,,,,,,,,,,,,,,,,,,,,,,,,,,,,,,,,,,,143.096786,17.658014,5.147428,2.37538,3.842981,8.94637,5.693275,3.612749,2.18414,1.396701,91.535851,8.70511,6.531161,2.093071,1.864861,1.0
1708963910.515855,4382.563965,4103.589844,4242.563965,4.0,4.0,4.0,100.0,100.0,4.0,4.0,4.0,,,,,,,,,,,,,,,,,,,,,,,,,,,,,,,,,,,,,438.549316,45.151257,9.036289,5.275518,2.463077,10.66817,2.177842,0.672402,1.196225,1.153616,378.654663,21.95109,6.139548,3.179624,1.443533,-1.0
1708964649.47657,4332.820313,4109.743652,4252.307617,4.0,4.0,4.0,100.0,,,,,,,,,,,,,,,,,,,,,,,,,,,,,,,,,,,,,,,,,153.237625,17.458923,4.18307,5.557023,3.232765,10.017703,8.225936,2.921438,2.56659,1.839097,58.465633,12.193755,4.792305,1.779093,2.410818,1.0
1708964353.642213,4769.230957,4180.0,4370.256348,4.0,4.0,4.0,100.0,83.333336,3.0,4.0,4.0,,,,,,,,,,,,,,,,,,,,,,,,,,,,,,,,,,,,,19.751831,11.082816,6.38481,4.730501,6.297579,13.137115,6.686691,5.802281,2.126764,1.772004,16.627722,10.733729,4.442927,2.309446,1.618604,-1.0
1708964033.550938,4390.769043,4222.05127,4376.922852,4.0,4.0,4.0,100.0,91.666664,4.0,4.0,4.0,,,,,,,,,,,,,,,,,,,,,,,,,,,,,,,,,,,,,182.805313,24.564014,4.869364,2.062167,2.225559,5.602557,7.719535,2.123224,3.137276,1.649678,82.552666,14.963719,2.883162,2.346702,1.592418,0.0
1708964444.793204,4229.230957,4068.718018,4117.94873,4.0,4.0,4.0,100.0,,,,,,,,,,,,,,,,,,,,,,,,,,,,,,,,,,,,,,,,,4.544663,10.139815,4.615653,2.511969,5.960767,6.508561,5.761505,8.74252,2.280605,2.452321,7.085107,12.534809,5.619713,2.596779,3.078062,0.0
1708964475.677011,4216.922852,4013.333252,4183.589844,4.0,4.0,4.0,100.0,83.333336,3.0,4.0,4.0,,,,,,,,,,,,,,,,,,,,,,,,,,,,,,,,,,,,,23.596037,6.766091,5.570545,2.91609,4.319092,9.049963,7.648738,3.507466,3.049444,2.03815,23.854746,7.718884,3.212143,3.269387,2.09733,-1.0
1708964034.051081,4374.871582,4149.743652,4322.05127,4.0,4.0,4.0,100.0,100.0,4.0,4.0,4.0,1.0,0.287211,-1.258514,-2.253064,0.736425,1.0,0.522354,0.693638,-0.335631,1.758634,1.0,0.725328,18.823987,4.14031,25.425296,0.535858,1.0,0.408225,-0.139185,-0.283849,0.08083,1.0,0.513523,0.512048,-0.535695,1.682987,1.0,0.64802,16.1688,-33.09953,48.064212,1.0,0.354291,0.542593,0.478808,0.6321,9.562846,6.69781,3.626257,3.346033,2.449356,2.072709,4.95295,2.184744,1.923814,2.263379,8.273266,3.876868,2.343782,2.852324,1.843863,0.0
1708964187.594864,4489.743652,4062.05127,4315.384766,4.0,4.0,4.0,100.0,100.0,4.0,4.0,4.0,,,,,,,,,,,,,,,,,,,,,,,,,,,,,,,,,,,,,11.371422,5.817046,4.671602,3.78553,3.458072,2.99753,2.997126,4.458085,1.764572,1.414099,6.559863,3.719436,3.980711,2.139843,1.569915,-1.0
1708964442.417527,4277.94873,4132.820313,4223.077148,4.0,4.0,4.0,100.0,,,,,,,,,,,,,,,,,,,,,,,,,,,,,,,,,,,,,,,,,594.179871,50.919113,12.219337,3.793839,3.42201,10.45189,5.171491,9.044518,1.166391,1.752484,193.794159,28.440683,11.100937,2.358441,2.128844,1.0
1708964451.170023,4258.461426,4074.358887,4233.846191,4.0,4.0,4.0,100.0,100.0,4.0,4.0,4.0,,,,,,,,,,,,,,,,,,,,,,,,,,,,,,,,,,,,,15.72088,3.094574,3.409107,3.502014,5.543793,9.949506,4.859017,1.952704,2.49411,2.604459,15.463672,3.143329,1.758508,2.855049,2.381667,1.0
1708964471.175727,4509.230957,4115.384766,4274.358887,4.0,4.0,4.0,100.0,16.666666,2.0,4.0,4.0,,,,,,,,,,,,,,,,,,,,,,,,,,,,,,,,,,,,,3.10922,5.80729,5.50243,2.119222,9.881489,6.40872,6.563014,5.654311,1.490605,1.462994,5.812286,5.060221,2.797415,2.770002,3.453803,-1.0
1708964451.295058,4248.205078,4067.692383,4202.563965,4.0,4.0,4.0,100.0,,,,,,,,,,,,,,,,,,,,,,,,,,,,,,,,,,,,,,,,,14.332654,2.926866,3.763605,3.690145,5.356043,9.475423,4.562724,2.17286,2.524358,2.510141,12.593355,3.048791,1.927201,2.746326,2.072567,1.0
1708963908.140178,4254.358887,4172.307617,4337.436035,4.0,4.0,4.0,100.0,,,,,,,,,,,,,,,,,,,,,,,,,,,,,,,,,,,,,,,,,109.425865,54.53751,12.786662,6.88374,6.751593,7.425577,27.562305,2.771063,2.80036,1.751534,45.367554,31.776834,5.424305,2.882582,2.168582,1.0
1708964472.050977,4683.589844,4176.410156,4560.0,4.0,4.0,4.0,100.0,,,,,,,,,,,,,,,,,,,,,,,,,,,,,,,,,,,,,,,,,50.648129,15.302758,4.951202,4.048821,4.912772,15.43186,10.424097,3.193252,3.02418,2.210626,32.509098,10.349035,6.756605,5.922859,2.422994,-1.0
1708964042.303434,4286.666504,4146.666504,4352.307617,4.0,4.0,4.0,100.0,,,,,,,,,,,,,,,,,,,,,,,,,,,,,,,,,,,,,,,,,66.072372,24.935177,3.458497,4.352917,3.52387,5.836834,1.43922,1.386568,1.927609,1.209495,23.051401,8.809072,1.992236,1.673118,1.243073,-1.0
1708964627.095188,4322.563965,4194.871582,4386.666504,4.0,4.0,4.0,100.0,,,,,,,,,,,,,,,,,,,,,,,,,,,,,,,,,,,,,,,,,10.827503,6.865138,3.324311,5.796225,6.182244,2.160241,4.612497,3.178329,2.791697,1.705676,10.463477,5.487937,3.093882,2.550239,2.462311,1.0
1708964467.674729,4489.230957,4205.128418,4337.436035,4.0,4.0,4.0,100.0,91.666664,4.0,4.0,4.0,,,,,,,,,,,,,,,,,,,,,,,,,,,,,,,,,,,,,286.444122,56.5308,7.435261,7.814819,4.063111,6.050289,10.493835,4.122312,3.752807,2.327927,155.53273,23.109726,4.5121,5.447967,2.605593,-1.0
1708964035.176402,4388.205078,4202.563965,4361.025879,4.0,4.0,4.0,100.0,,,,,,,,,,,,,,,,,,,,,,,,,,,,,,,,,,,,,,,,,32.865189,14.480788,11.911548,6.216757,4.416756,2.387168,5.63865,3.353468,1.822267,1.623113,10.576628,6.671443,8.883634,1.949341,1.941597,0.0
1708964189.220328,4301.538574,4136.922852,4315.384766,4.0,4.0,4.0,100.0,,,,,,,,,,,,,,,,,,,,,,,,,,,,,,,,,,,,,,,,,57.521885,6.280574,2.604855,3.074427,3.978883,3.936163,4.303251,3.197875,2.27231,1.358997,22.827961,5.232691,3.318778,2.450531,1.133138,-1.0
1708964771.136261,4454.358887,4096.922852,4347.179688,4.0,4.0,4.0,100.0,,,,,,,,,,,,,,,,,,,,,,,,,,,,,,,,,,,,,,,,,2.86649,7.266562,2.045376,5.719242,5.175559,5.354205,4.394719,2.460186,1.495889,1.909917,2.643238,3.305285,2.637222,3.711267,2.808291,0.0
1708964476.177153,4369.230957,4101.538574,4281.025879,4.0,4.0,4.0,100.0,83.333336,3.0,4.0,4.0,,,,,,,,,,,,,,,,,,,,,,,,,,,,,,,,,,,,,7.503027,5.453784,7.241023,2.095861,3.514889,6.821369,6.338834,3.30563,2.301221,1.391523,11.762831,7.559848,2.066388,2.627823,1.259323,-1.0
1708963972.908646,4438.974121,4111.282227,4290.769043,4.0,4.0,4.0,100.0,,,,,,,,,,,,,,,,,,,,,,,,,,,,,,,,,,,,,,,,,261.26239,26.940399,14.059353,5.225078,4.814191,7.633368,6.991683,3.81337,0.833987,1.448496,64.22226,9.321465,6.658379,2.040274,1.371036,1.0
1708963973.533825,4358.461426,4138.461426,4345.641113,4.0,4.0,4.0,100.0,91.666664,4.0,4.0,4.0,,,,,,,,,,,,,,,,,,,,,,,,,,,,,,,,,,,,,159.743271,14.569777,3.551577,3.860077,4.100354,7.883114,13.073623,4.930832,1.600245,1.216709,54.943062,11.500191,5.186696,1.707116,1.523184,1.0
1708963908.765356,4420.512695,4220.0,4388.717773,4.0,4.0,4.0,100.0,,,,,,,,,,,,,,,,,,,,,,,,,,,,,,,,,,,,,,,,,148.289261,35.755806,18.215939,8.89829,7.119988,5.69639,6.255172,2.26854,2.75796,1.660582,16.557272,4.479268,2.252788,3.72373,2.538291,1.0
1708964443.167741,4338.974121,4137.436035,4192.307617,4.0,4.0,4.0,100.0,66.666664,3.0,4.0,4.0,,,,,,,,,,,,,,,,,,,,,,,,,,,,,,,,,,,,,121.96608,11.611666,3.30228,6.062246,4.427577,19.40556,5.553268,4.639723,2.548192,1.931687,43.165058,8.177017,1.856191,2.650705,1.949088,1.0
1708964040.803007,4186.666504,4087.179443,4144.615234,4.0,4.0,4.0,100.0,,,,,,,,,,,,,,,,,,,,,,,,,,,,,,,,,,,,,,,,,251.327469,24.05677,4.596498,4.041005,5.125765,1.315289,3.637416,2.8907,1.158893,0.805001,84.35965,12.076963,2.857421,1.637577,1.460639,-1.0
1708963911.51614,4450.256348,4008.718018,4127.692383,4.0,4.0,4.0,100.0,91.666664,3.0,4.0,4.0,,,,,,,,,,,,,,,,,,,,,,,,,,,,,,,,,,,,,91.9823,37.339798,16.611172,9.15379,3.075866,5.770671,7.910526,3.667466,1.841835,1.617101,18.63332,5.824537,2.655544,0.853952,1.605455,-1.0
1708963911.51614,4450.256348,4008.718018,4127.692383,4.0,4.0,4.0,100.0,91.666664,3.0,4.0,4.0,,,,,,,,,,,,,,,,,,,,,,,,,,,,,,,,,,,,,91.9823,37.339798,16.611172,9.15379,3.075866,5.770671,7.910526,3.667466,1.841835,1.617101,18.63332,5.824537,2.655544,0.853952,1.605455,-1.0
1708964029.049655,4773.333496,4325.128418,4437.436035,4.0,4.0,4.0,100.0,66.666664,1.0,4.0,4.0,,,,,,,,,,,,,,,,,,,,,,,,,,,,,,,,,,,,,94.382538,14.347143,5.832893,5.849923,2.86256,8.873624,4.237552,2.186424,1.546648,1.698351,56.390987,9.158303,2.725999,1.189566,1.765992,-1.0
1708964190.470684,4365.641113,4178.461426,4302.563965,4.0,4.0,4.0,100.0,,,,,,,,,,,,,,,,,,,,,,,,,,,,,,,,,,,,,,,,,1.792531,4.322587,3.760337,3.25267,3.840773,2.717354,3.337146,1.576863,1.638369,1.0687,0.881908,2.225356,1.553835,1.88072,1.662985,-1.0
1708964369.896848,4277.94873,4153.846191,4345.128418,4.0,4.0,4.0,100.0,,,,,,,,,,,,,,,,,,,,,,,,,,,,,,,,,,,,,,,,,56.742744,9.159068,7.414385,1.923246,2.266341,20.55822,6.211392,6.080957,1.665005,0.917282,29.315773,5.566591,7.956768,1.119165,1.457133,1.0
1708964451.044987,4292.820313,4111.794922,4265.641113,4.0,4.0,4.0,100.0,,,,,,,,,,,,,,,,,,,,,,,,,,,,,,,,,,,,,,,,,16.738964,3.246679,3.155287,3.148165,5.846052,9.685573,5.265189,1.897621,2.571357,2.579171,16.962015,3.218631,2.052577,2.878451,2.707982,1.0
1708963972.158433,4627.692383,4061.025635,4270.769043,4.0,4.0,4.0,100.0,,,,,,,,,,,,,,,,,,,,,,,,,,,,,,,,,,,,,,,,,201.449615,32.691223,11.173273,3.658335,6.805731,14.302306,7.793329,9.375085,1.30027,2.297225,95.561699,8.319133,5.246461,4.836161,4.724129,1.0
1708964648.851391,4376.922852,4105.641113,4311.794922,4.0,4.0,4.0,100.0,,,,,,,,,,,,,,,,,,,,,,,,,,,,,,,,,,,,,,,,,8.209678,7.472466,2.854584,8.289505,4.398272,7.624114,4.751839,4.14714,1.873305,1.380302,6.035252,5.530107,2.923688,2.003745,1.564942,1.0
1708964544.196549,4432.820313,4161.025879,4323.589844,4.0,4.0,4.0,100.0,91.666664,4.0,4.0,4.0,1.0,0.295008,-1.412686,-2.17552,0.504329,1.0,0.444155,0.602973,-0.275765,1.628084,1.0,0.240208,11.03366,4.922055,26.960165,0.488649,1.0,0.448861,-0.108656,-0.275127,0.07437,1.0,0.522219,0.620132,-0.440948,1.56461,1.0,0.527026,8.908097,-28.297581,43.034665,1.0,0.206684,0.521983,0.4823,0.631238,547.950562,101.657188,7.999345,8.552395,5.865662,12.570145,3.793808,6.066522,3.107961,1.757147,209.34903,30.961403,7.323091,2.14182,1.651568,-1.0
1708964031.175261,4575.384766,4130.256348,4288.205078,4.0,4.0,4.0,100.0,,,,,,,,,,,,,,,,,,,,,,,,,,,,,,,,,,,,,,,,,6.291131,2.417923,1.315586,1.891369,3.227867,3.403946,1.317489,1.355762,0.871863,0.630714,4.094926,2.390727,2.114929,2.135011,1.161889,0.0
1708964041.178114,4193.333496,4087.179443,4160.0,4.0,4.0,2.0,33.333332,,,,,,,,,,,,,,,,,,,,,,,,,,,,,,,,,,,,,,,,,140.454788,17.722393,3.480172,2.511866,5.029676,0.918356,3.47153,3.077789,0.866982,0.834362,37.441223,8.777879,2.114954,1.356764,1.326782,-1.0
1708964450.419809,4254.358887,4107.179688,4218.974121,4.0,4.0,4.0,100.0,,,,,,,,,,,,,,,,,,,,,,,,,,,,,,,,,,,,,,,,,435.973389,33.504314,9.406506,2.688842,8.175018,4.879486,7.911437,3.679786,3.876634,2.551412,103.504494,14.390554,6.105597,3.11698,3.414997,1.0
1708964449.669595,4344.615234,4208.205078,4307.692383,4.0,4.0,4.0,100.0,66.666664,1.0,4.0,4.0,,,,,,,,,,,,,,,,,,,,,,,,,,,,,,,,,,,,,237.809128,34.863098,6.067376,4.296381,14.389619,5.470614,12.449421,3.078504,3.784945,2.976636,69.220184,29.024813,4.127995,1.905625,2.462517,1.0
1708964032.550653,4187.692383,4093.846191,4165.641113,4.0,4.0,4.0,100.0,91.666664,4.0,4.0,4.0,,,,,,,,,,,,,,,,,,,,,,,,,,,,,,,,,,,,,30.824915,20.658655,2.483364,2.833938,2.577108,13.570876,7.49494,2.90712,0.815868,1.260255,19.642439,15.113869,3.797301,1.432608,1.133658,0.0
1708964189.595435,4281.538574,4131.282227,4288.717773,4.0,4.0,4.0,100.0,100.0,4.0,4.0,4.0,,,,,,,,,,,,,,,,,,,,,,,,,,,,,,,,,,,,,4.154872,3.043196,4.198991,2.474448,3.853976,2.36408,4.367426,2.126081,2.088336,1.363165,2.98575,2.89443,1.897287,2.049429,1.539033,-1.0
1708963912.39139,4229.230957,3792.307617,3944.615479,4.0,4.0,1.0,50.0,,,,,,,,,,,,,,,,,,,,,,,,,,,,,,,,,,,,,,,,,586.938416,77.626556,7.591416,3.710087,2.799717,1.972099,10.483238,2.267053,1.890802,1.670862,123.289825,20.120783,2.771213,0.930318,1.367335,-1.0
1708963912.516426,4495.897461,3855.384521,4194.358887,4.0,4.0,4.0,100.0,41.666668,3.0,4.0,1.0,,,,,,,,,,,,,,,,,,,,,,,,,,,,,,,,,,,,,544.212524,67.829605,6.45351,3.529505,2.544769,2.943646,10.143134,2.170554,2.012992,1.523103,112.2369,19.251318,2.694936,1.055331,1.373624,-1.0
1708964033.425903,4365.128418,4233.846191,4360.0,4.0,4.0,4.0,100.0,,,,,,,,,,,,,,,,,,,,,,,,,,,,,,,,,,,,,,,,,242.838013,33.107727,4.604327,1.752441,2.235472,8.424679,9.327487,1.787088,3.089638,1.453933,110.370171,20.796467,2.749876,2.108106,1.44398,0.0
1708964442.667598,4264.102539,4131.282227,4212.307617,4.0,4.0,4.0,100.0,91.666664,4.0,4.0,4.0,,,,,,,,,,,,,,,,,,,,,,,,,,,,,,,,,,,,,611.138184,50.344582,9.674698,4.855433,3.429779,14.269437,5.517647,5.765326,1.187053,1.690156,194.416794,27.449596,6.595468,1.961025,1.864528,1.0
1708964444.418097,4357.436035,4185.641113,4207.692383,4.0,4.0,4.0,100.0,,,,,,,,,,,,,,,,,,,,,,,,,,,,,,,,,,,,,,,,,6.996337,13.618533,3.304858,4.29112,6.358861,7.159538,7.737398,7.065645,2.619165,2.276758,8.307058,16.872343,3.950084,4.407935,3.045783,0.0
1708963973.283754,4432.307617,4178.974121,4345.641113,4.0,4.0,4.0,100.0,,,,,,,,,,,,,,,,,,,,,,,,,,,,,,,,,,,,,,,,,286.853577,19.753124,6.774983,4.442701,4.760353,9.847434,11.34239,5.157103,1.204677,1.074172,88.356155,12.419119,8.194014,1.654273,1.332372,1.0
1708963869.629196,4437.436035,4298.461426,4401.025879,4.0,4.0,4.0,100.0,,,,,,,,,,,,,,,,,,,,,,,,,,,,,,,,,,,,,,,,,92.142395,21.297771,4.599432,3.455866,3.521698,18.818287,10.815898,2.57753,1.225392,1.483569,39.866497,12.836535,1.821504,1.69453,1.859821,-1.0
1708964467.674729,4489.230957,4205.128418,4337.436035,4.0,4.0,4.0,100.0,91.666664,4.0,4.0,4.0,,,,,,,,,,,,,,,,,,,,,,,,,,,,,,,,,,,,,286.444122,56.5308,7.435261,7.814819,4.063111,6.050289,10.493835,4.122312,3.752807,2.327927,155.53273,23.109726,4.5121,5.447967,2.605593,-1.0
1708964190.220613,4312.820313,4085.128174,4272.820313,4.0,4.0,4.0,100.0,,,,,,,,,,,,,,,,,,,,,,,,,,,,,,,,,,,,,,,,,2.045252,4.883856,6.284731,3.210498,3.580784,2.162069,2.45245,1.674688,2.08128,0.961724,1.347667,1.943579,2.030123,2.205878,1.682721,-1.0
1708964470.80062,4342.05127,4063.076904,4114.358887,4.0,4.0,4.0,100.0,,,,,,,,,,,,,,,,,,,,,,,,,,,,,,,,,,,,,,,,,3.482535,6.215127,5.321792,2.689545,9.282464,6.680183,8.068353,7.554795,2.905142,1.9512,6.408116,6.726591,3.39758,3.310585,4.280007,-1.0
1708964189.72047,4337.436035,4161.538574,4293.846191,4.0,4.0,4.0,100.0,,,,,,,,,,,,,,,,,,,,,,,,,,,,,,,,,,,,,,,,,4.099352,3.272566,5.487634,2.73389,3.74584,1.933409,4.124929,2.159175,2.187609,1.243408,2.920655,2.621165,1.831452,2.045861,1.615871,-1.0
1708964032.425618,4297.436035,4093.846191,4256.922852,4.0,4.0,4.0,100.0,,,,,,,,,,,,,,,,,,,,,,,,,,,,,,,,,,,,,,,,,19.783079,14.496697,2.831204,3.004417,2.300405,12.697897,5.418696,2.737906,0.890331,1.077452,12.214645,10.147604,3.680974,1.671926,1.028823,0.0
1708964452.045272,4234.871582,4055.897461,4209.743652,4.0,4.0,4.0,100.0,,,,,,,,,,,,,,,,,,,,,,,,,,,,,,,,,,,,,,,,,4.804914,6.071332,8.612164,5.593592,5.49832,3.822155,6.753769,12.105595,2.051911,1.863102,3.630485,6.664739,13.165756,2.231316,1.474372,1.0
1708964647.851106,4275.384766,4084.102539,4208.205078,4.0,4.0,4.0,100.0,,,,,,,,,,,,,,,,,,,,,,,,,,,,,,,,,,,,,,,,,10.515711,3.950214,4.683877,5.884351,5.830637,4.532799,3.425696,5.507143,2.855897,3.056994,5.58548,2.375981,4.988957,2.045702,2.209509,1.0
1708964444.668169,4200.512695,4015.897461,4046.153809,4.0,4.0,4.0,100.0,66.666664,3.0,4.0,4.0,,,,,,,,,,,,,,,,,,,,,,,,,,,,,,,,,,,,,4.377216,10.326551,4.292919,3.07646,5.841789,6.558611,6.104715,8.703661,2.468586,2.55607,6.981238,13.211352,5.207891,3.106404,3.149026,0.0
1708964029.549798,4817.436035,4191.794922,4379.487305,4.0,4.0,4.0,100.0,91.666664,3.0,4.0,4.0,,,,,,,,,,,,,,,,,,,,,,,,,,,,,,,,,,,,,341.433441,28.227278,6.931961,6.236776,3.423163,7.686718,3.030107,2.488844,1.612277,1.665988,182.719254,18.134439,1.641062,1.093312,1.359675,0.0
1708964649.101463,4383.077148,4131.282227,4260.0,4.0,4.0,4.0,100.0,,,,,,,,,,,,,,,,,,,,,,,,,,,,,,,,,,,,,,,,,17.401903,9.953024,3.33067,8.195633,4.24623,11.963916,7.789589,4.023845,2.074614,1.758664,9.043276,8.537975,3.195825,1.273713,1.90689,1.0
1708964353.267106,4368.205078,4157.436035,4331.282227,4.0,4.0,4.0,100.0,,,,,,,,,,,,,,,,,,,,,,,,,,,,,,,,,,,,,,,,,15.545263,10.579104,4.947007,3.525291,8.797429,14.244597,10.271342,9.864492,3.237728,2.287381,14.505098,11.977339,4.512254,2.482142,1.735045,-1.0
1708964627.220223,4246.666504,4173.333496,4343.589844,4.0,4.0,4.0,100.0,66.666664,4.0,4.0,4.0,,,,,,,,,,,,,,,,,,,,,,,,,,,,,,,,,,,,,11.063439,8.258668,3.412526,5.734195,7.011028,2.183527,5.633945,3.333322,2.674615,1.927208,9.905735,6.090436,2.923769,2.624032,2.760139,1.0
1708963974.033967,4369.743652,4149.230957,4346.153809,4.0,4.0,4.0,100.0,91.666664,4.0,4.0,4.0,1.0,0.348926,-1.475402,-2.220918,0.755345,1.0,0.44435,0.662453,-0.350577,1.77546,1.0,0.287885,9.678998,4.022243,25.371221,0.54067,1.0,0.412235,-0.129219,-0.285453,0.081812,1.0,0.447481,0.461937,-0.554427,1.688294,1.0,0.493071,7.441947,-33.890518,48.672203,1.0,0.360203,0.533462,0.478146,0.631982,7.347292,9.747748,1.045098,3.257975,3.239745,3.599951,9.03469,2.882911,1.675465,2.031281,6.391327,11.872626,1.716419,1.822534,1.591439,1.0
1708963910.015713,4408.205078,4105.641113,4226.666504,4.0,4.0,4.0,100.0,91.666664,3.0,4.0,4.0,,,,,,,,,,,,,,,,,,,,,,,,,,,,,,,,,,,,,471.971863,42.15387,8.093297,3.095361,2.859325,14.32275,5.739136,1.88201,1.878964,1.094769,352.569794,24.409786,6.549963,2.522918,1.478421,1.0
1708964467.9248,4466.666504,4215.384766,4435.384766,4.0,4.0,4.0,100.0,,,,,,,,,,,,,,,,,,,,,,,,,,,,,,,,,,,,,,,,,221.117142,44.123135,6.768469,9.160095,4.754777,7.248868,10.059928,2.800701,4.006529,2.466649,141.53746,20.943861,3.432266,5.510767,2.314146,-1.0
1708963911.266069,4543.589844,4095.384521,4429.743652,4.0,4.0,4.0,100.0,,,,,,,,,,,,,,,,,,,,,,,,,,,,,,,,,,,,,,,,,57.152008,24.716534,11.044784,5.634299,2.749897,7.377906,7.138174,2.886485,1.455647,1.286288,25.520119,5.412973,2.881289,1.121788,1.626019,-1.0
1708964187.844936,4345.128418,4067.692383,4178.974121,4.0,4.0,4.0,100.0,,,,,,,,,,,,,,,,,,,,,,,,,,,,,,,,,,,,,,,,,14.031162,7.875566,5.213984,3.956522,2.154326,4.24941,5.181961,5.665543,1.537209,1.661452,11.133973,6.180163,4.939015,2.32304,2.020308,-1.0
1708964627.220223,4246.666504,4173.333496,4343.589844,4.0,4.0,4.0,100.0,66.666664,4.0,4.0,4.0,,,,,,,,,,,,,,,,,,,,,,,,,,,,,,,,,,,,,11.063439,8.258668,3.412526,5.734195,7.011028,2.183527,5.633945,3.333322,2.674615,1.927208,9.905735,6.090436,2.923769,2.624032,2.760139,1.0
1708964042.803577,4322.05127,4157.94873,4343.077148,4.0,4.0,4.0,100.0,,,,,,,,,,,,,,,,,,,,,,,,,,,,,,,,,,,,,,,,,65.138878,18.093231,5.776482,4.681037,7.254397,8.963768,4.341505,2.673099,2.619251,2.551213,30.803741,6.089296,4.098393,2.566355,1.786514,-1.0
1708963912.891533,4237.436035,3946.666748,4088.718018,4.0,4.0,4.0,100.0,,,,,,,,,,,,,,,,,,,,,,,,,,,,,,,,,,,,,,,,,184.313416,18.886673,2.488891,3.316161,2.496626,7.917149,8.092553,2.04625,2.413284,1.303502,39.405193,9.843104,1.797379,1.787074,1.51407,-1.0
1708964471.550834,4390.769043,4043.589844,4124.615234,4.0,4.0,4.0,100.0,,,,,,,,,,,,,,,,,,,,,,,,,,,,,,,,,,,,,,,,,8.103936,5.644428,6.14899,3.080827,8.823092,8.648256,3.34239,2.731371,1.025512,1.469424,8.92372,2.998158,3.503048,2.368302,2.636817,-1.0
1708964189.845506,4323.589844,4140.512695,4317.94873,4.0,4.0,4.0,100.0,,,,,,,,,,,,,,,,,,,,,,,,,,,,,,,,,,,,,,,,,3.76296,3.605237,6.601211,3.010326,3.617185,1.738193,3.658701,2.142052,2.263367,1.104602,2.699493,2.263612,1.910338,2.099967,1.646032,-1.0
1708964449.79463,4328.717773,4169.230957,4266.666504,4.0,4.0,4.0,100.0,,,,,,,,,,,,,,,,,,,,,,,,,,,,,,,,,,,,,,,,,399.070679,47.751823,8.305927,4.47406,13.088166,5.674302,14.72548,3.649343,3.58242,2.985546,110.289993,36.365479,5.226263,2.04108,2.582391,1.0
1708964042.053363,4244.102539,4187.692383,4362.05127,4.0,4.0,4.0,100.0,33.333332,4.0,4.0,2.0,,,,,,,,,,,,,,,,,,,,,,,,,,,,,,,,,,,,,125.935905,24.132889,3.381935,3.35667,3.137853,3.523058,1.525572,1.30766,1.430771,1.085983,39.967354,9.975791,1.780187,1.185334,1.437465,-1.0
1708964443.292776,4295.384766,4146.153809,4247.179688,4.0,4.0,4.0,100.0,,,,,,,,,,,,,,,,,,,,,,,,,,,,,,,,,,,,,,,,,64.383247,9.004116,3.102591,5.458176,4.733581,17.196716,5.905919,5.68903,2.502276,1.973111,27.32206,7.360603,2.417091,2.923337,1.924987,1.0
1708963963.530972,4236.922852,4078.974365,4253.846191,4.0,4.0,4.0,100.0,83.333336,4.0,4.0,4.0,,,,,,,,,,,,,,,,,,,,,,,,,,,,,,,,,,,,,242.649002,37.34193,6.650529,2.644873,2.355125,13.237596,8.592253,4.478571,3.463618,1.586844,107.937515,15.339067,5.167305,2.671527,1.311976,0.0
1708964031.550368,4465.641113,4071.281982,4240.512695,4.0,4.0,4.0,100.0,100.0,4.0,4.0,4.0,,,,,,,,,,,,,,,,,,,,,,,,,,,,,,,,,,,,,12.805558,5.295122,2.148012,3.391799,2.424225,6.925355,1.751593,1.930078,1.025018,0.53173,9.413608,2.26993,2.571466,1.987173,1.306186,0.0
1708964451.170023,4258.461426,4074.358887,4233.846191,4.0,4.0,4.0,100.0,100.0,4.0,4.0,4.0,,,,,,,,,,,,,,,,,,,,,,,,,,,,,,,,,,,,,15.72088,3.094574,3.409107,3.502014,5.543793,9.949506,4.859017,1.952704,2.49411,2.604459,15.463672,3.143329,1.758508,2.855049,2.381667,1.0
1708964189.095292,4301.538574,4148.717773,4283.589844,4.0,4.0,4.0,100.0,100.0,4.0,4.0,4.0,,,,,,,,,,,,,,,,,,,,,,,,,,,,,,,,,,,,,126.574913,12.239138,3.124198,3.682282,4.03617,4.442833,4.308021,4.082521,2.590968,1.292636,47.383312,8.709332,4.01504,2.645223,1.07409,-1.0
1708963869.754232,4470.769043,4320.0,4464.615234,4.0,4.0,4.0,100.0,,,,,,,,,,,,,,,,,,,,,,,,,,,,,,,,,,,,,,,,,121.593628,22.987137,3.640616,3.6401,3.718181,18.367865,9.551994,2.532977,1.496044,1.511536,43.680351,10.088954,1.581674,1.33505,1.927138,-1.0
1708964187.7199,4529.743652,4028.718018,4215.384766,4.0,4.0,4.0,100.0,,,,,,,,,,,,,,,,,,,,,,,,,,,,,,,,,,,,,,,,,11.080924,6.15202,4.658868,3.87621,2.727509,3.1585,4.008187,4.804769,1.654851,1.565177,8.189353,4.491982,4.290906,2.235757,1.749367,-1.0
1708964188.470114,4263.077148,4127.179688,4263.077148,4.0,4.0,4.0,100.0,,,,,,,,,,,,,,,,,,,,,,,,,,,,,,,,,,,,,,,,,319.541595,45.207115,7.701746,4.353192,3.137982,8.967849,6.526712,9.863139,2.443457,1.437785,117.152557,28.494194,7.438612,2.643287,2.338785,-1.0
1708964353.14207,4463.589844,4208.205078,4387.179688,4.0,4.0,4.0,100.0,75.0,3.0,4.0,4.0,,,,,,,,,,,,,,,,,,,,,,,,,,,,,,,,,,,,,13.916657,9.397214,4.924788,3.564585,9.234162,13.979435,10.34563,10.588096,3.1284,2.404205,13.651126,11.232921,4.460375,2.629384,1.784633,-1.0
1708963971.783326,4587.692383,4037.435791,4210.769043,4.0,4.0,4.0,100.0,,,,,,,,,,,,,,,,,,,,,,,,,,,,,,,,,,,,,,,,,348.787354,47.269653,19.045033,5.618477,10.290646,8.092945,6.132368,4.968682,1.897399,2.10602,121.925735,8.883155,6.627794,4.82954,5.223963,1.0
1708964359.143781,4224.102539,3999.487061,4135.384766,4.0,4.0,4.0,100.0,66.666664,4.0,4.0,4.0,,,,,,,,,,,,,,,,,,,,,,,,,,,,,,,,,,,,,21.615309,8.308653,2.940537,6.729599,5.993622,7.359988,6.782836,2.547505,3.228972,1.456987,16.763447,10.751078,1.299595,6.583211,3.118457,-1.0
1708964626.720081,4326.666504,4254.358887,4500.0,4.0,4.0,4.0,100.0,66.666664,4.0,4.0,4.0,,,,,,,,,,,,,,,,,,,,,,,,,,,,,,,,,,,,,15.158378,7.146605,4.349205,5.997382,3.460365,5.748383,3.871566,4.56068,2.980777,1.64878,16.927366,5.877893,4.57585,3.42292,1.630385,1.0
1708964369.646776,4208.717773,4131.282227,4275.384766,4.0,4.0,4.0,100.0,66.666664,2.0,4.0,4.0,,,,,,,,,,,,,,,,,,,,,,,,,,,,,,,,,,,,,20.885715,3.524974,3.075201,2.184101,1.916449,12.072664,4.340613,3.422619,1.67043,0.933371,14.461664,4.123315,5.672805,0.999294,0.928334,1.0
1708964032.800725,4188.205078,4046.666748,4165.641113,4.0,4.0,4.0,100.0,,,,,,,,,,,,,,,,,,,,,,,,,,,,,,,,,,,,,,,,,107.031418,37.978012,3.287164,2.479023,2.892787,16.266747,13.235428,2.996521,1.075284,1.468224,59.470272,27.778809,4.108467,1.093925,1.253417,0.0
1708963963.906079,4769.230957,4161.025879,4571.282227,4.0,4.0,4.0,100.0,,,,,,,,,,,,,,,,,,,,,,,,,,,,,,,,,,,,,,,,,308.192505,49.388145,8.264759,2.753535,2.694448,8.893594,5.225687,8.154715,3.38749,1.864986,131.135834,20.891096,5.777321,3.805272,1.228659,0.0
1708964572.704678,4310.256348,3993.333252,4189.743652,4.0,4.0,4.0,100.0,91.666664,4.0,4.0,4.0,,,,,,,,,,,,,,,,,,,,,,,,,,,,,,,,,,,,,12.709011,5.304302,6.875833,4.566023,2.994884,14.571469,5.101066,3.189441,2.598144,1.648198,15.719761,5.98529,2.177659,2.6911,1.908201,1.0
1708964467.549693,4384.102539,4171.794922,4239.487305,4.0,4.0,4.0,100.0,,,,,,,,,,,,,,,,,,,,,,,,,,,,,,,,,,,,,,,,,260.91806,52.185883,7.144923,6.540041,3.64587,5.641875,10.366096,5.108114,3.380496,2.367394,138.387573,20.937078,4.927536,5.21955,2.62484,-1.0
1708964188.720185,4267.179688,4165.641113,4285.128418,4.0,4.0,4.0,100.0,,,,,,,,,,,,,,,,,,,,,,,,,,,,,,,,,,,,,,,,,360.340729,41.600239,5.755737,4.613421,3.976979,6.80231,5.19569,7.78046,3.106678,1.299746,130.544144,25.78311,6.053825,2.877146,1.653814,-1.0
1708963964.656293,5063.077148,4224.102539,4483.589844,4.0,4.0,4.0,100.0,,,,,,,,,,,,,,,,,,,,,,,,,,,,,,,,,,,,,,,,,303.346954,61.460869,4.846964,2.104894,1.95835,9.074817,12.78809,5.389494,1.829969,1.735058,82.669739,26.647543,5.19621,2.574023,0.844658,0.0
1708963911.891247,4158.974121,3891.794922,3981.025635,4.0,4.0,4.0,100.0,,,,,,,,,,,,,,,,,,,,,,,,,,,,,,,,,,,,,,,,,230.254578,56.172047,14.892185,8.820955,3.671626,2.520928,7.773293,3.197009,1.768294,2.092918,43.86467,10.312539,2.394163,0.703643,1.547956,-1.0
1708964031.800439,4452.307617,4124.102539,4292.307617,4.0,4.0,4.0,100.0,,,,,,,,,,,,,,,,,,,,,,,,,,,,,,,,,,,,,,,,,17.643887,7.93131,3.833282,3.984054,1.928825,9.844841,3.300714,2.432009,1.187032,0.505341,11.645509,3.123796,3.353426,1.928382,1.219935,0.0
1708964753.256163,4478.974121,4210.256348,4392.307617,4.0,4.0,4.0,100.0,100.0,4.0,4.0,4.0,,,,,,,,,,,,,,,,,,,,,,,,,,,,,,,,,,,,,27.185537,4.97711,3.912921,3.227578,5.796781,12.493257,7.025294,3.300527,1.563113,1.581663,24.835442,4.807037,3.672904,1.877081,1.423478,1.0
1708964359.518888,4406.153809,4081.538574,4242.563965,4.0,4.0,4.0,100.0,,,,,,,,,,,,,,,,,,,,,,,,,,,,,,,,,,,,,,,,,15.181327,7.803455,2.992212,4.857689,5.338274,4.640625,5.991608,2.07615,3.426856,1.197044,15.693697,7.919015,1.96962,5.935862,1.807526,-1.0
1708963869.504161,4345.641113,4263.589844,4344.102539,4.0,4.0,4.0,100.0,83.333336,4.0,4.0,4.0,,,,,,,,,,,,,,,,,,,,,,,,,,,,,,,,,,,,,63.952457,18.999334,5.677319,3.458386,3.3278,19.061216,13.390033,2.733937,1.210585,1.440232,36.186745,15.848355,2.567854,2.298598,1.782152,-1.0
1708964648.726356,4555.384766,4087.179443,4391.282227,4.0,4.0,4.0,100.0,91.666664,4.0,4.0,4.0,,,,,,,,,,,,,,,,,,,,,,,,,,,,,,,,,,,,,8.310015,6.290588,2.361601,7.544382,4.375725,5.392178,3.697988,4.235168,1.840777,1.302486,6.793616,4.292576,2.772068,2.403359,1.465079,1.0
1708963869.379125,4220.0,4158.461426,4195.897461,4.0,4.0,4.0,100.0,,,,,,,,,,,,,,,,,,,,,,,,,,,,,,,,,,,,,,,,,43.602695,16.998367,6.689931,3.635983,3.087006,19.283489,16.810013,2.961542,1.414595,1.395348,33.972252,18.666128,3.700024,3.037987,1.707995,-1.0
1708964753.756305,4392.820313,4185.641113,4334.871582,4.0,4.0,4.0,100.0,100.0,4.0,4.0,4.0,,,,,,,,,,,,,,,,,,,,,,,,,,,,,,,,,,,,,35.09864,7.706151,5.107018,2.557402,6.571302,18.835995,5.765544,2.834796,0.814943,1.599928,30.804686,6.899759,4.008519,1.391689,2.055346,1.0
1708964188.595149,4300.0,4136.922852,4300.512695,4.0,4.0,4.0,100.0,100.0,4.0,4.0,4.0,,,,,,,,,,,,,,,,,,,,,,,,,,,,,,,,,,,,,365.79895,46.423321,6.808136,4.519779,3.644268,7.961501,5.837634,9.027444,2.858814,1.364011,132.767593,28.824972,6.808379,2.784506,2.014382,-1.0
1708964544.321585,4346.666504,4117.436035,4281.025879,4.0,4.0,4.0,100.0,,,,,,,,,,,,,,,,,,,,,,,,,,,,,,,,,,,,,,,,,411.714874,72.005791,5.899591,8.217903,5.68371,10.161619,2.980893,5.121625,3.097623,1.863157,144.246765,21.654896,5.740351,2.22858,1.46703,-1.0
1708963910.140748,4379.487305,4105.641113,4215.897461,4.0,4.0,4.0,100.0,,,,,,,,,,,,,,,,,,,,,,,,,,,,,,,,,,,,,,,,,550.248657,48.485325,9.211655,3.899954,2.642611,15.065662,5.173411,1.382607,1.732209,1.075627,431.608032,28.309816,6.640612,2.843958,1.374042,1.0
1708964572.954749,4384.102539,4031.281982,4218.461426,4.0,4.0,4.0,100.0,,,,,,,,,,,,,,,,,,,,,,,,,,,,,,,,,,,,,,,,,12.638384,6.514993,5.167691,3.731948,3.130834,19.063534,4.067495,4.726739,2.916152,1.923859,14.398828,6.834781,2.036897,2.555491,1.769523,1.0
1708964627.59533,4806.153809,4088.718018,4253.846191,4.0,4.0,4.0,100.0,,,,,,,,,,,,,,,,,,,,,,,,,,,,,,,,,,,,,,,,,12.366076,14.819154,4.683314,5.736809,7.494378,5.963042,12.919146,4.615812,2.526085,2.346845,10.163683,11.299107,2.975368,2.782352,2.750229,1.0
1708964475.802046,4263.589844,4037.435791,4187.692383,4.0,4.0,4.0,100.0,,,,,,,,,,,,,,,,,,,,,,,,,,,,,,,,,,,,,,,,,11.895791,7.319031,6.972738,2.915047,4.429904,8.92924,8.344386,3.600536,3.039185,1.891001,17.211697,8.551652,2.987549,3.259162,1.744166,-1.0
1708964042.053363,4244.102539,4187.692383,4362.05127,4.0,4.0,4.0,100.0,33.333332,4.0,4.0,2.0,,,,,,,,,,,,,,,,,,,,,,,,,,,,,,,,,,,,,125.935905,24.132889,3.381935,3.35667,3.137853,3.523058,1.525572,1.30766,1.430771,1.085983,39.967354,9.975791,1.780187,1.185334,1.437465,-1.0
1708964442.292491,4275.897461,4133.846191,4229.743652,4.0,4.0,4.0,100.0,,,,,,,,,,,,,,,,,,,,,,,,,,,,,,,,,,,,,,,,,473.430023,42.232563,11.980722,3.477816,3.551218,9.391181,5.298669,9.637812,1.360703,1.784075,158.516953,24.321819,12.069645,2.542665,2.351784,1.0
1708964033.675974,4355.384766,4196.410156,4349.230957,4.0,4.0,4.0,100.0,,,,,,,,,,,,,,,,,,,,,,,,,,,,,,,,,,,,,,,,,115.699104,17.413307,5.01931,2.472568,2.305954,3.588031,6.836162,2.469846,2.98361,1.896055,52.821548,10.303217,2.969603,2.532652,1.736145,0.0
1708964188.095007,4310.769043,4115.897461,4238.974121,4.0,4.0,4.0,100.0,100.0,4.0,4.0,4.0,,,,,,,,,,,,,,,,,,,,,,,,,,,,,,,,,,,,,74.494377,19.467234,7.23759,4.04196,1.813476,7.714499,7.030543,8.37394,1.467971,1.666187,34.005669,14.020771,6.80999,2.395552,2.536427,-1.0
1708963909.765641,4478.461426,4128.205078,4226.666504,4.0,4.0,4.0,100.0,,,,,,,,,,,,,,,,,,,,,,,,,,,,,,,,,,,,,,,,,243.018173,25.227045,5.835345,2.272462,3.475953,10.664872,5.787199,3.075362,2.062912,1.266973,161.31015,13.201017,6.512924,2.073218,1.768081,1.0
1708964030.04994,4637.94873,4149.230957,4337.436035,4.0,4.0,4.0,100.0,91.666664,3.0,4.0,4.0,,,,,,,,,,,,,,,,,,,,,,,,,,,,,,,,,,,,,128.274673,15.923585,3.566428,1.813146,3.687675,3.004436,1.337122,1.653749,1.313459,1.248164,54.69928,5.185085,1.493114,0.726023,0.789647,0.0
1708963909.390534,4795.384766,4192.820313,4367.692383,4.0,4.0,4.0,100.0,,,,,,,,,,,,,,,,,,,,,,,,,,,,,,,,,,,,,,,,,44.908749,8.873993,4.866033,3.195825,4.555966,7.12142,6.113722,4.062395,2.607284,1.612709,29.36857,4.400804,6.00373,2.601852,1.934088,1.0
1708964451.670165,4329.743652,4132.307617,4278.461426,4.0,4.0,4.0,100.0,91.666664,4.0,4.0,4.0,,,,,,,,,,,,,,,,,,,,,,,,,,,,,,,,,,,,,6.465811,3.472636,5.651898,4.140646,5.492255,5.363281,6.257882,6.021902,2.486997,1.800656,3.093172,4.52526,6.833682,2.257314,1.433839,1.0
1708964370.021883,4327.179688,4182.563965,4333.846191,4.0,4.0,4.0,100.0,,,,,,,,,,,,,,,,,,,,,,,,,,,,,,,,,,,,,,,,,81.136971,14.188293,10.460976,2.139499,2.681668,23.197639,7.658598,7.826364,1.769513,0.979602,37.299,8.340912,9.292407,1.360083,1.866992,1.0
1708963869.004018,4633.846191,4149.230957,4478.461426,4.0,4.0,4.0,100.0,83.333336,4.0,4.0,4.0,,,,,,,,,,,,,,,,,,,,,,,,,,,,,,,,,,,,,26.344669,14.081613,8.45801,4.247601,2.212773,21.727047,22.233299,3.957427,2.16692,1.289864,35.282154,20.305981,6.350792,4.019658,1.46757,-1.0
1708964443.167741,4338.974121,4137.436035,4192.307617,4.0,4.0,4.0,100.0,66.666664,3.0,4.0,4.0,,,,,,,,,,,,,,,,,,,,,,,,,,,,,,,,,,,,,121.96608,11.611666,3.30228,6.062246,4.427577,19.40556,5.553268,4.639723,2.548192,1.931687,43.165058,8.177017,1.856191,2.650705,1.949088,1.0
1708964579.206532,4353.846191,4119.487305,4256.410156,4.0,4.0,4.0,100.0,91.666664,4.0,4.0,4.0,,,,,,,,,,,,,,,,,,,,,,,,,,,,,,,,,,,,,19.179777,4.502743,4.598134,3.473062,4.922117,16.900326,3.16881,3.575272,2.232944,2.007315,18.188261,3.024239,3.981213,2.192849,2.768674,0.0
1708964188.345078,4290.769043,4143.589844,4276.410156,4.0,4.0,4.0,100.0,,,,,,,,,,,,,,,,,,,,,,,,,,,,,,,,,,,,,,,,,237.291534,38.646553,8.174613,4.199581,2.568968,9.412583,7.094535,10.061301,1.991848,1.517478,89.396675,25.068981,7.742148,2.5079,2.559347,-1.0
1708963961.905509,4294.871582,4164.615234,4276.922852,4.0,4.0,4.0,100.0,,,,,,,,,,,,,,,,,,,,,,,,,,,,,,,,,,,,,,,,,212.148026,29.591106,2.883757,2.135206,1.442995,12.187847,5.443495,5.588104,1.401278,0.785647,85.697914,21.072708,3.2059,2.054328,0.899362,0.0
1708964190.095577,4312.307617,4112.307617,4297.436035,4.0,4.0,4.0,100.0,100.0,4.0,4.0,4.0,,,,,,,,,,,,,,,,,,,,,,,,,,,,,,,,,,,,,2.555302,4.561547,7.077967,3.226471,3.505196,1.923858,2.610938,1.864478,2.222956,0.94678,1.830839,1.864564,2.103431,2.232385,1.664275,-1.0
1708963910.015713,4408.205078,4105.641113,4226.666504,4.0,4.0,4.0,100.0,91.666664,3.0,4.0,4.0,,,,,,,,,,,,,,,,,,,,,,,,,,,,,,,,,,,,,471.971863,42.15387,8.093297,3.095361,2.859325,14.32275,5.739136,1.88201,1.878964,1.094769,352.569794,24.409786,6.549963,2.522918,1.478421,1.0
1708963912.766497,4325.641113,3973.846191,4156.410156,4.0,4.0,4.0,100.0,,,,,,,,,,,,,,,,,,,,,,,,,,,,,,,,,,,,,,,,,300.654053,33.38026,3.682974,3.364974,2.388391,6.090608,8.596019,1.951756,2.248658,1.343087,61.541897,13.127929,2.117209,1.473961,1.454469,-1.0
1708964648.726356,4555.384766,4087.179443,4391.282227,4.0,4.0,4.0,100.0,91.666664,4.0,4.0,4.0,,,,,,,,,,,,,,,,,,,,,,,,,,,,,,,,,,,,,8.310015,6.290588,2.361601,7.544382,4.375725,5.392178,3.697988,4.235168,1.840777,1.302486,6.793616,4.292576,2.772068,2.403359,1.465079,1.0
1708964648.351249,4324.102539,4090.256348,4273.333496,4.0,4.0,4.0,100.0,,,,,,,,,,,,,,,,,,,,,,,,,,,,,,,,,,,,,,,,,9.903053,3.164525,1.256033,5.207276,4.456877,2.899635,3.977256,5.245064,1.990093,2.002571,7.623787,2.327973,2.159323,2.680887,1.58592,1.0
1708964035.051366,4349.230957,4177.94873,4331.282227,4.0,4.0,4.0,100.0,100.0,4.0,4.0,4.0,,,,,,,,,,,,,,,,,,,,,,,,,,,,,,,,,,,,,22.675812,11.365419,10.359635,4.825811,3.687043,2.035328,4.748173,2.669446,1.733069,1.509495,8.604277,6.53439,7.271502,1.733868,1.759455,0.0
1708963962.15558,4327.179688,4144.615234,4313.333496,4.0,4.0,4.0,83.333336,,,,,,,,,,,,,,,,,,,,,,,,,,,,,,,,,,,,,,,,,446.7966,54.829426,2.692659,2.762776,1.264979,22.897507,8.086284,5.986015,1.250734,0.827624,181.885117,34.13092,2.067686,1.849702,0.771235,0.0
1708964443.417812,4291.282227,4168.205078,4242.05127,4.0,4.0,4.0,100.0,,,,,,,,,,,,,,,,,,,,,,,,,,,,,,,,,,,,,,,,,38.671215,9.791494,3.267379,4.671034,5.010425,14.084606,6.861155,6.375865,2.23456,1.908654,21.061148,8.36738,3.159948,3.22989,1.873998,1.0
1708963911.391105,4721.025879,4068.718018,4299.487305,4.0,4.0,4.0,100.0,,,,,,,,,,,,,,,,,,,,,,,,,,,,,,,,,,,,,,,,,74.091499,30.956789,14.151614,7.472815,2.86767,6.780309,7.815422,3.362593,1.686366,1.425315,21.703312,5.601709,2.765473,0.95921,1.613572,-1.0
1708964032.675689,4197.94873,4138.461426,4199.487305,4.0,4.0,4.0,100.0,,,,,,,,,,,,,,,,,,,,,,,,,,,,,,,,,,,,,,,,,58.679474,29.00885,2.687368,2.686318,2.792074,14.888242,10.366656,3.034498,0.866196,1.400061,35.133202,21.441542,4.001196,1.219309,1.217374,0.0
1708964467.424658,4319.487305,4208.717773,4356.410156,4.0,4.0,4.0,100.0,,,,,,,,,,,,,,,,,,,,,,,,,,,,,,,,,,,,,,,,,205.628464,42.304489,6.576725,5.268209,3.42908,5.158442,10.079134,6.051185,2.948825,2.493917,109.623711,17.475428,5.130276,4.871519,2.571983,-1.0
1708964030.550083,4566.666504,4191.794922,4345.128418,4.0,4.0,4.0,100.0,100.0,4.0,4.0,4.0,,,,,,,,,,,,,,,,,,,,,,,,,,,,,,,,,,,,,15.468781,4.478673,2.247098,0.973377,2.957069,3.699953,3.943974,0.886151,0.691133,0.911835,6.898353,2.79087,1.58788,1.001748,0.932205,0.0
1708963908.890392,4445.128418,4186.153809,4371.282227,4.0,4.0,4.0,100.0,,,,,,,,,,,,,,,,,,,,,,,,,,,,,,,,,,,,,,,,,128.040619,29.999874,14.976048,7.765072,6.527704,6.463946,6.363121,2.591632,2.870617,1.702331,19.812757,3.656736,2.563819,3.70566,2.419776,1.0
1708964029.174691,4895.897461,4282.563965,4447.179688,4.0,4.0,4.0,100.0,,,,,,,,,,,,,,,,,,,,,,,,,,,,,,,,,,,,,,,,,167.077911,19.280769,6.637681,6.561677,2.887829,9.826205,4.216323,2.054638,1.691385,1.641057,94.756172,12.659684,2.527785,1.196892,1.752153,-1.0
1708964190.345649,4308.205078,4103.077148,4263.589844,4.0,4.0,4.0,100.0,,,,,,,,,,,,,,,,,,,,,,,,,,,,,,,,,,,,,,,,,1.781863,4.827802,5.064042,3.201908,3.711911,2.418764,2.70179,1.553713,1.867113,1.013768,1.007086,2.10178,1.815717,2.073902,1.68889,-1.0
1708964029.799869,4672.307617,4185.641113,4335.384766,4.0,4.0,4.0,100.0,,,,,,,,,,,,,,,,,,,,,,,,,,,,,,,,,,,,,,,,,277.08017,24.49431,5.227891,3.782163,3.786353,4.374545,1.713232,2.488597,1.486844,1.506939,138.123657,12.5944,1.360365,0.856362,1.009172,0.0
1708964031.300297,4506.153809,4109.743652,4250.769043,4.0,4.0,4.0,100.0,,,,,,,,,,,,,,,,,,,,,,,,,,,,,,,,,,,,,,,,,7.560674,2.921546,1.355488,2.38466,3.001298,4.278813,1.047079,1.462014,0.914501,0.596295,5.333812,2.186056,2.218789,2.142327,1.214473,0.0
1708964579.206532,4353.846191,4119.487305,4256.410156,4.0,4.0,4.0,100.0,91.666664,4.0,4.0,4.0,,,,,,,,,,,,,,,,,,,,,,,,,,,,,,,,,,,,,19.179777,4.502743,4.598134,3.473062,4.922117,16.900326,3.16881,3.575272,2.232944,2.007315,18.188261,3.024239,3.981213,2.192849,2.768674,0.0
1708964029.549798,4817.436035,4191.794922,4379.487305,4.0,4.0,4.0,100.0,91.666664,3.0,4.0,4.0,,,,,,,,,,,,,,,,,,,,,,,,,,,,,,,,,,,,,341.433441,28.227278,6.931961,6.236776,3.423163,7.686718,3.030107,2.488844,1.612277,1.665988,182.719254,18.134439,1.641062,1.093312,1.359675,0.0
1708964452.170308,4255.384766,4061.538574,4224.615234,4.0,4.0,4.0,100.0,100.0,4.0,4.0,4.0,,,,,,,,,,,,,,,,,,,,,,,,,,,,,,,,,,,,,5.792099,6.868211,9.275277,5.844467,5.359923,4.02828,5.85222,12.839846,1.947539,2.013157,5.007099,6.715712,13.448153,2.335302,1.676625,1.0
1708964042.678541,4367.692383,4157.94873,4392.820313,4.0,4.0,4.0,100.0,,,,,,,,,,,,,,,,,,,,,,,,,,,,,,,,,,,,,,,,,75.845444,23.105522,5.520615,4.796454,6.213407,8.820273,3.143619,2.340523,2.602359,2.241649,30.997566,7.410783,3.774392,2.45381,1.544915,-1.0
1708964353.767248,4549.230957,4192.820313,4319.487305,4.0,4.0,4.0,100.0,,,,,,,,,,,,,,,,,,,,,,,,,,,,,,,,,,,,,,,,,43.621471,11.45118,7.179738,5.9402,5.454138,12.015269,5.39852,5.035193,1.766419,1.733743,23.900116,10.046486,4.847826,2.543307,1.634596,-1.0
1708964032.050511,4478.974121,4161.025879,4345.128418,4.0,4.0,4.0,100.0,91.666664,4.0,4.0,4.0,,,,,,,,,,,,,,,,,,,,,,,,,,,,,,,,,,,,,18.398228,8.785042,4.71244,3.855098,1.757124,11.816915,4.128264,2.561746,1.24424,0.607551,10.174778,4.248239,3.856171,1.999964,0.999355,0.0
1708963962.405651,4169.743652,4099.487305,4136.922852,4.0,4.0,4.0,83.333336,,,,,,,,,,,,,,,,,,,,,,,,,,,,,,,,,,,,,,,,,543.944885,68.088676,2.536886,3.326436,1.260812,28.200331,11.50537,4.722715,1.359894,1.05992,220.297623,38.66423,1.399963,2.009344,0.68915,0.0
1708964450.294773,4290.769043,4170.769043,4261.025879,4.0,4.0,4.0,100.0,,,,,,,,,,,,,,,,,,,,,,,,,,,,,,,,,,,,,,,,,582.738525,46.262379,11.220557,3.213148,8.707169,4.941371,10.332076,4.17799,3.752416,2.67319,140.915298,23.105221,6.677904,3.184827,3.252521,1.0
1708963910.640891,4354.358887,4098.461426,4235.897461,4.0,4.0,4.0,100.0,,,,,,,,,,,,,,,,,,,,,,,,,,,,,,,,,,,,,,,,,322.157104,37.348839,7.893551,4.954834,2.552559,8.655726,1.705642,0.717864,1.047946,1.18091,282.912323,16.010347,5.493069,2.933419,1.530965,-1.0
1708964034.551224,4561.025879,4249.230957,4459.487305,4.0,4.0,4.0,100.0,100.0,4.0,4.0,4.0,,,,,,,,,,,,,,,,,,,,,,,,,,,,,,,,,,,,,6.107242,3.22641,4.159224,2.692981,1.715338,2.185784,1.543353,0.889425,1.190557,1.420521,3.907346,3.734722,2.82375,2.003047,1.272436,0.0
1708963910.515855,4382.563965,4103.589844,4242.563965,4.0,4.0,4.0,100.0,100.0,4.0,4.0,4.0,,,,,,,,,,,,,,,,,,,,,,,,,,,,,,,,,,,,,438.549316,45.151257,9.036289,5.275518,2.463077,10.66817,2.177842,0.672402,1.196225,1.153616,378.654663,21.95109,6.139548,3.179624,1.443533,-1.0
1708964029.299726,4845.641113,4266.666504,4426.666504,4.0,4.0,4.0,100.0,,,,,,,,,,,,,,,,,,,,,,,,,,,,,,,,,,,,,,,,,244.702423,23.778082,7.189366,6.987606,3.004577,9.892962,4.011647,2.081757,1.738793,1.640978,136.591965,15.938421,2.254363,1.212592,1.668755,-1.0
1708964442.667598,4264.102539,4131.282227,4212.307617,4.0,4.0,4.0,100.0,91.666664,4.0,4.0,4.0,,,,,,,,,,,,,,,,,,,,,,,,,,,,,,,,,,,,,611.138184,50.344582,9.674698,4.855433,3.429779,14.269437,5.517647,5.765326,1.187053,1.690156,194.416794,27.449596,6.595468,1.961025,1.864528,1.0
1708964578.956461,4378.974121,4146.666504,4319.487305,4.0,4.0,4.0,100.0,,,,,,,,,,,,,,,,,,,,,,,,,,,,,,,,,,,,,,,,,16.726713,6.098343,2.984106,5.655293,4.84525,10.794775,3.996654,2.69545,2.467847,2.225947,17.589859,5.807095,3.451316,2.28261,2.738332,0.0
1708964443.792919,4285.128418,4165.641113,4250.256348,4.0,4.0,4.0,100.0,,,,,,,,,,,,,,,,,,,,,,,,,,,,,,,,,,,,,,,,,18.360231,17.207033,3.664176,3.619217,6.279008,7.856529,11.170355,5.021445,1.52966,1.28256,16.5641,15.812975,3.900661,4.678342,1.844668,1.0
1708964442.542563,4248.717773,4088.205078,4167.179688,4.0,4.0,4.0,100.0,,,,,,,,,,,,,,,,,,,,,,,,,,,,,,,,,,,,,,,,,646.303955,54.068695,11.36793,4.248436,3.383528,12.022991,5.296703,7.583862,1.081654,1.719777,207.794891,29.716179,9.093191,2.120696,1.952724,1.0
1708964475.051833,4129.230957,4035.384521,4079.487061,4.0,4.0,4.0,100.0,,,,,,,,,,,,,,,,,,,,,,,,,,,,,,,,,,,,,,,,,151.126038,11.45046,4.630073,2.766958,2.356837,9.793935,5.448521,6.063878,1.900434,2.039459,86.074677,7.51072,4.397173,3.719922,2.737943,-1.0
1708964474.801761,4014.871826,4034.358887,4109.743652,4.0,4.0,4.0,100.0,,,,,,,,,,,,,,,,,,,,,,,,,,,,,,,,,,,,,,,,,173.357803,16.992203,4.916102,3.200098,2.337839,10.206906,7.566,5.376505,1.587515,2.15454,88.049286,8.980635,3.913994,3.343986,2.268672,-1.0
1708964563.201969,5015.384766,4148.205078,4461.538574,4.0,4.0,4.0,100.0,83.333336,3.0,4.0,4.0,,,,,,,,,,,,,,,,,,,,,,,,,,,,,,,,,,,,,60.093414,17.45574,5.718654,8.247193,3.767253,1.885064,2.976697,3.467442,2.226755,1.879054,12.544085,5.526614,3.219721,2.65922,2.657695,1.0
1708964031.050226,4582.563965,4130.256348,4278.974121,4.0,4.0,4.0,100.0,100.0,4.0,4.0,4.0,,,,,,,,,,,,,,,,,,,,,,,,,,,,,,,,,,,,,6.591171,2.341512,1.386346,1.472101,3.351306,2.892234,1.970235,1.312023,0.820674,0.667407,3.846525,2.670769,1.968068,2.02693,1.122386,0.0
1708963964.031115,4895.384766,4133.846191,4532.820313,4.0,4.0,4.0,100.0,75.0,3.0,4.0,4.0,1.0,0.512754,-0.696823,-2.226512,0.764243,1.0,0.399732,0.463837,-0.351872,1.779516,1.0,0.591576,15.739322,3.99437,25.392582,0.576076,1.0,0.287929,-0.163788,-0.285749,0.082351,1.0,0.272742,0.110881,-0.556069,1.69169,1.0,0.481366,4.938326,-33.985255,48.835457,1.0,0.306427,0.53644,0.477993,0.632076,284.531128,47.611404,7.764898,2.71302,2.530826,8.435155,5.121231,8.458476,2.995132,1.856943,115.713966,21.592241,5.805994,3.849545,1.084991,0.0
1708964468.174872,4410.256348,4162.05127,4410.256348,4.0,4.0,4.0,100.0,75.0,4.0,4.0,4.0,,,,,,,,,,,,,,,,,,,,,,,,,,,,,,,,,,,,,90.482193,19.232233,4.650446,7.966229,4.42958,10.619154,8.72512,2.261423,3.697985,2.640452,95.240112,12.817945,2.545507,5.395982,1.958891,-1.0
1708964225.855774,4566.666504,4134.871582,4217.94873,4.0,4.0,4.0,100.0,,,,,,,,,,,,,,,,,,,,,,,,,,,,,,,,,,,,,,,,,136.21521,62.642887,30.991177,19.912529,13.621577,15.642504,8.138041,3.348624,2.49379,1.819164,140.224579,24.575895,4.006183,3.351555,2.649713,1.0
1708964451.670165,4329.743652,4132.307617,4278.461426,4.0,4.0,4.0,100.0,91.666664,4.0,4.0,4.0,,,,,,,,,,,,,,,,,,,,,,,,,,,,,,,,,,,,,6.465811,3.472636,5.651898,4.140646,5.492255,5.363281,6.257882,6.021902,2.486997,1.800656,3.093172,4.52526,6.833682,2.257314,1.433839,1.0
1708963908.390249,4357.94873,4215.384766,4409.743652,4.0,4.0,4.0,100.0,,,,,,,,,,,,,,,,,,,,,,,,,,,,,,,,,,,,,,,,,100.655235,36.747284,17.219637,8.90684,7.558876,4.180645,13.111484,2.171086,2.662691,1.487812,10.618213,13.362857,3.772128,3.089498,2.247947,1.0
1708964034.551224,4561.025879,4249.230957,4459.487305,4.0,4.0,4.0,100.0,100.0,4.0,4.0,4.0,,,,,,,,,,,,,,,,,,,,,,,,,,,,,,,,,,,,,6.107242,3.22641,4.159224,2.692981,1.715338,2.185784,1.543353,0.889425,1.190557,1.420521,3.907346,3.734722,2.82375,2.003047,1.272436,0.0
1708963974.033967,4369.743652,4149.230957,4346.153809,4.0,4.0,4.0,100.0,91.666664,4.0,4.0,4.0,1.0,0.348926,-1.475402,-2.220918,0.755345,1.0,0.44435,0.662453,-0.350577,1.77546,1.0,0.287885,9.678998,4.022243,25.371221,0.54067,1.0,0.412235,-0.129219,-0.285453,0.081812,1.0,0.447481,0.461937,-0.554427,1.688294,1.0,0.493071,7.441947,-33.890518,48.672203,1.0,0.360203,0.533462,0.478146,0.631982,7.347292,9.747748,1.045098,3.257975,3.239745,3.599951,9.03469,2.882911,1.675465,2.031281,6.391327,11.872626,1.716419,1.822534,1.591439,1.0
1708964573.204821,4612.307617,3997.94873,4320.0,4.0,4.0,4.0,100.0,91.666664,4.0,4.0,4.0,,,,,,,,,,,,,,,,,,,,,,,,,,,,,,,,,,,,,12.515162,7.133368,3.390956,2.561043,4.089789,18.07732,3.691933,6.22579,2.846494,2.216989,10.643086,6.991388,2.006554,2.518837,1.678347,1.0
1708964035.301438,4398.461426,4193.846191,4366.153809,4.0,4.0,4.0,100.0,,,,,,,,,,,,,,,,,,,,,,,,,,,,,,,,,,,,,,,,,41.725193,17.337725,12.678825,7.406983,4.884536,2.957645,5.988099,3.882636,1.828321,1.650217,11.712488,6.359552,9.912842,2.154813,2.068711,0.0
1708964579.706675,4961.538574,4092.820557,4386.666504,2.0,4.0,4.0,33.333332,8.333333,1.0,4.0,4.0,,,,,,,,,,,,,,,,,,,,,,,,,,,,,,,,,,,,,35.502602,5.581422,5.31438,2.749483,3.436135,23.930307,3.355213,2.622007,1.908994,1.380655,27.812399,3.871557,3.178732,2.305242,1.801669,0.0
1708964648.226213,4279.487305,4088.718018,4222.563965,4.0,4.0,4.0,100.0,83.333336,3.0,4.0,4.0,,,,,,,,,,,,,,,,,,,,,,,,,,,,,,,,,,,,,10.11692,2.791822,1.491227,4.964814,4.646716,3.08559,4.347878,5.423859,2.125837,2.392887,7.032863,2.22796,2.090978,2.449444,1.741988,1.0
1708963972.658575,4387.179688,4085.641113,4250.769043,4.0,4.0,4.0,100.0,,,,,,,,,,,,,,,,,,,,,,,,,,,,,,,,,,,,,,,,,148.64241,26.628635,15.514435,4.933396,4.78816,8.448128,6.782465,5.465284,0.773616,2.035648,34.143391,5.460705,4.177516,2.791698,1.99752,1.0
1708964475.176868,4128.717773,3991.794922,4063.076904,4.0,4.0,4.0,100.0,83.333336,3.0,4.0,4.0,,,,,,,,,,,,,,,,,,,,,,,,,,,,,,,,,,,,,124.856171,8.174474,4.03557,2.580652,2.666646,9.454794,4.979188,5.628392,2.137143,2.081864,75.806023,6.482049,4.247188,3.632339,2.844402,-1.0
1708964472.176012,4550.769043,4169.743652,4502.05127,4.0,4.0,4.0,100.0,83.333336,4.0,4.0,4.0,,,,,,,,,,,,,,,,,,,,,,,,,,,,,,,,,,,,,75.391838,18.78602,4.274148,3.961492,4.500006,15.527576,11.884417,2.969018,3.422638,2.210009,39.067268,11.713507,6.848437,6.604807,2.260514,-1.0
1708964226.105846,4504.615234,3992.307617,4103.077148,4.0,4.0,4.0,100.0,66.666664,3.0,4.0,4.0,,,,,,,,,,,,,,,,,,,,,,,,,,,,,,,,,,,,,204.582397,64.914696,36.728821,23.146015,12.98152,24.102278,5.706961,6.318784,2.10346,2.37755,226.090378,26.820311,6.226609,3.49228,2.448152,1.0
1708964041.053078,4187.179688,4050.256348,4135.897461,4.0,4.0,2.0,33.333332,33.333332,4.0,4.0,2.0,,,,,,,,,,,,,,,,,,,,,,,,,,,,,,,,,,,,,115.069527,14.888423,2.916107,2.918067,5.187092,0.999952,3.583352,3.264687,0.970643,0.792238,32.963585,7.424696,1.863981,1.400952,1.383627,-1.0
1708964030.425047,4598.461426,4170.256348,4332.820313,4.0,4.0,4.0,100.0,,,,,,,,,,,,,,,,,,,,,,,,,,,,,,,,,,,,,,,,,20.448195,6.018949,2.488286,1.064268,3.016005,3.71519,3.42587,0.800105,0.795026,0.984979,7.071862,2.376418,1.635997,0.829858,0.859799,0.0
1708963972.033397,4600.0,4117.436035,4255.897461,4.0,4.0,4.0,100.0,50.0,1.0,4.0,4.0,,,,,,,,,,,,,,,,,,,,,,,,,,,,,,,,,,,,,264.620697,37.510555,12.580564,3.903593,7.861078,13.041052,7.210838,8.126003,1.539418,2.247652,115.961838,9.096697,5.690427,5.102707,5.219047,1.0
1708964034.176117,4378.461426,4131.282227,4313.333496,4.0,4.0,4.0,100.0,,,,,,,,,,,,,,,,,,,,,,,,,,,,,,,,,,,,,,,,,6.426918,4.961768,3.018569,3.343598,2.302641,2.102056,3.807568,1.670657,1.601789,2.141805,6.094121,3.225754,2.134447,2.804699,1.729237,0.0
1708963973.65886,4304.102539,4045.128174,4246.666504,4.0,4.0,4.0,100.0,,,,,,,,,,,,,,,,,,,,,,,,,,,,,,,,,,,,,,,,,94.864182,12.670786,2.551193,3.656663,3.703467,6.160837,12.930845,4.425016,1.771156,1.372097,34.738911,11.479082,3.509565,1.724109,1.569352,1.0
1708964649.601605,4302.563965,4094.358887,4263.077148,4.0,4.0,4.0,100.0,,,,,,,,,,,,,,,,,,,,,,,,,,,,,,,,,,,,,,,,,231.11348,19.872351,4.710627,5.27375,2.87958,7.525332,6.96396,2.545772,2.641652,1.690547,85.145439,12.200381,5.310633,2.339567,2.484747,1.0
1708964041.928327,4212.307617,4104.102539,4328.205078,4.0,4.0,4.0,83.333336,,,,,,,,,,,,,,,,,,,,,,,,,,,,,,,,,,,,,,,,,194.721588,27.067295,4.13393,2.899246,3.368404,2.823027,1.751128,1.393875,1.261177,1.119411,59.266823,11.925418,2.249945,1.057673,1.489446,-1.0
1708964034.301153,4325.128418,4084.102539,4258.461426,4.0,4.0,4.0,100.0,,,,,,,,,,,,,,,,,,,,,,,,,,,,,,,,,,,,,,,,,6.566824,3.700725,2.866573,3.189202,2.070388,2.11788,2.681948,1.207678,1.367014,1.921138,5.071271,3.051375,2.14514,2.627346,1.561032,0.0
1708963913.016568,4220.0,4009.743652,4126.153809,4.0,4.0,4.0,100.0,41.666668,3.0,4.0,1.0,,,,,,,,,,,,,,,,,,,,,,,,,,,,,,,,,,,,,115.311539,10.710464,1.820692,3.465465,2.685232,9.544325,8.076799,2.374539,2.629926,1.298825,28.017843,7.608084,1.616664,2.11899,1.589863,-1.0
1708964034.676259,4408.717773,4219.487305,4443.077148,4.0,4.0,4.0,100.0,,,,,,,,,,,,,,,,,,,,,,,,,,,,,,,,,,,,,,,,,6.382987,4.258417,5.32197,2.612825,1.833729,2.187926,1.780223,1.061052,1.259333,1.281418,4.195066,4.459659,3.415692,1.726188,1.262516,0.0
1708964188.845221,4296.410156,4158.461426,4296.922852,4.0,4.0,4.0,100.0,,,,,,,,,,,,,,,,,,,,,,,,,,,,,,,,,,,,,,,,,303.984619,32.26004,4.744445,4.535462,4.111776,5.795706,4.707727,6.405323,3.117723,1.257646,110.631012,20.281075,5.324648,2.885619,1.337976,-1.0
1708964033.300867,4285.128418,4113.333496,4257.436035,4.0,4.0,4.0,100.0,,,,,,,,,,,,,,,,,,,,,,,,,,,,,,,,,,,,,,,,,275.146515,41.417522,4.397279,1.614778,2.354426,11.55547,11.554202,1.64873,2.830331,1.352085,127.835983,26.870085,2.759424,1.813315,1.324199,0.0
1708963973.408789,4404.102539,4116.922852,4329.743652,4.0,4.0,4.0,100.0,,,,,,,,,,,,,,,,,,,,,,,,,,,,,,,,,,,,,,,,,229.675385,16.977203,4.90982,4.115856,4.479537,9.271357,12.529269,5.218417,1.393793,1.119424,74.865265,11.946082,6.928612,1.674548,1.438419,1.0
1708964467.049551,4231.282227,4148.205078,4348.205078,4.0,4.0,4.0,100.0,,,,,,,,,,,,,,,,,,,,,,,,,,,,,,,,,,,,,,,,,39.898457,15.004877,4.145349,2.987429,4.283782,7.278948,9.165325,5.950917,2.069678,2.856432,29.942169,10.408216,3.747625,3.562504,2.237376,-1.0
1708964034.801295,4388.205078,4219.487305,4417.94873,4.0,4.0,4.0,100.0,,,,,,,,,,,,,,,,,,,,,,,,,,,,,,,,,,,,,,,,,8.713863,6.062851,6.7811,2.875318,2.238016,2.074201,2.518432,1.434122,1.402049,1.269954,5.064322,5.274153,4.310678,1.574294,1.366255,0.0
1708964189.095292,4301.538574,4148.717773,4283.589844,4.0,4.0,4.0,100.0,100.0,4.0,4.0,4.0,,,,,,,,,,,,,,,,,,,,,,,,,,,,,,,,,,,,,126.574913,12.239138,3.124198,3.682282,4.03617,4.442833,4.308021,4.082521,2.590968,1.292636,47.383312,8.709332,4.01504,2.645223,1.07409,-1.0
1708964036.926901,4359.487305,4185.641113,4339.487305,4.0,4.0,4.0,100.0,,,,,,,,,,,,,,,,,,,,,,,,,,,,,,,,,,,,,,,,,87.476112,5.706606,5.837241,3.216384,2.392923,6.393751,5.647359,1.684123,1.386558,0.908849,26.500874,2.373043,2.317607,1.796692,1.009839,0.0
1708964562.826862,4373.846191,3992.820557,4112.820313,4.0,4.0,4.0,100.0,,,,,,,,,,,,,,,,,,,,,,,,,,,,,,,,,,,,,,,,,120.576035,14.060908,10.016341,8.197,5.38254,4.214828,8.351099,4.641709,1.643373,2.175254,52.039906,9.237363,6.38572,2.705649,2.723729,1.0
1708964031.925475,4436.922852,4124.615234,4308.717773,4.0,4.0,4.0,100.0,,,,,,,,,,,,,,,,,,,,,,,,,,,,,,,,,,,,,,,,,18.682487,8.529499,4.519622,4.010348,1.790457,10.982391,3.874936,2.537198,1.244978,0.535412,11.231019,3.647949,3.710491,1.966185,1.108683,0.0
1708964475.426939,4201.538574,4018.974365,4160.512695,4.0,4.0,4.0,100.0,,,,,,,,,,,,,,,,,,,,,,,,,,,,,,,,,,,,,,,,,66.582344,5.315309,3.545808,2.634825,3.582748,8.903915,5.618895,4.13075,2.698554,2.160666,46.927483,5.954213,3.657959,3.325517,2.690162,-1.0
1708964579.456603,4796.922852,4195.384766,4361.025879,4.0,4.0,4.0,100.0,,,,,,,,,,,,,,,,,,,,,,,,,,,,,,,,,,,,,,,,,28.183197,4.101154,5.593411,2.631546,4.15535,22.561893,2.453185,3.36457,1.86926,1.622554,23.419268,2.211739,4.170881,2.203078,2.3723,0.0
1708963974.159003,4396.410156,4168.205078,4385.128418,4.0,4.0,4.0,100.0,,,,,,,,,,,,,,,,,,,,,,,,,,,,,,,,,,,,,,,,,5.61832,8.473604,0.988869,3.141543,3.400551,4.095754,7.120737,2.551871,1.478681,2.139776,6.318852,10.609832,1.978098,1.987112,1.619032,1.0
1708964353.642213,4769.230957,4180.0,4370.256348,4.0,4.0,4.0,100.0,83.333336,3.0,4.0,4.0,,,,,,,,,,,,,,,,,,,,,,,,,,,,,,,,,,,,,19.751831,11.082816,6.38481,4.730501,6.297579,13.137115,6.686691,5.802281,2.126764,1.772004,16.627722,10.733729,4.442927,2.309446,1.618604,-1.0
1708964443.917955,4226.153809,4081.025635,4190.769043,4.0,4.0,4.0,100.0,,,,,,,,,,,,,,,,,,,,,,,,,,,,,,,,,,,,,,,,,15.598486,18.676281,3.367105,3.91618,6.777308,7.606561,11.634623,4.327707,1.667793,1.210322,14.799845,18.180746,3.463468,5.14169,2.010836,1.0
1708964450.044702,4218.461426,4120.512695,4222.563965,4.0,4.0,4.0,100.0,,,,,,,,,,,,,,,,,,,,,,,,,,,,,,,,,,,,,,,,,654.74353,60.321751,11.811134,4.163654,10.38796,5.502069,15.023335,4.437695,3.386971,2.883509,167.805969,38.247086,6.74714,2.759343,2.881499,1.0
1708964359.643924,4446.666504,4093.846191,4284.102539,4.0,4.0,4.0,100.0,75.0,4.0,4.0,4.0,,,,,,,,,,,,,,,,,,,,,,,,,,,,,,,,,,,,,11.656638,7.114593,3.272959,4.47857,4.745488,4.200421,5.033582,2.371452,3.192396,1.136942,12.821859,6.691195,2.42112,5.127923,1.527928,-1.0
1708964648.476284,4380.512695,4093.333252,4276.922852,4.0,4.0,4.0,100.0,,,,,,,,,,,,,,,,,,,,,,,,,,,,,,,,,,,,,,,,,9.364845,4.00096,1.392177,5.778402,4.364335,3.053461,3.515621,4.871707,1.901238,1.639945,7.795717,2.692257,2.364432,2.784362,1.475487,1.0
1708964649.226498,4302.563965,4125.128418,4226.153809,4.0,4.0,4.0,100.0,91.666664,4.0,4.0,4.0,,,,,,,,,,,,,,,,,,,,,,,,,,,,,,,,,,,,,39.963379,11.97341,3.488398,7.316661,3.987947,12.676373,8.774175,3.779325,2.233071,1.891976,17.713037,10.13056,3.55324,1.17307,2.09937,1.0
1708964754.006376,4454.871582,4154.871582,4346.666504,4.0,4.0,4.0,100.0,,,,,,,,,,,,,,,,,,,,,,,,,,,,,,,,,,,,,,,,,17.116552,5.955767,4.67717,2.321098,5.663466,9.812538,3.530438,1.849522,0.854551,1.648194,15.773713,5.497364,2.728063,1.274994,3.266706,1.0
1708964036.801866,4412.307617,4183.077148,4353.846191,4.0,4.0,4.0,100.0,,,,,,,,,,,,,,,,,,,,,,,,,,,,,,,,,,,,,,,,,161.468597,6.616118,5.65719,3.215794,2.459817,7.167158,5.247522,2.18118,1.228908,0.971174,44.751606,2.502074,2.660815,1.894477,1.051144,0.0
1708964544.696692,5173.846191,4104.615234,4601.538574,4.0,4.0,4.0,100.0,66.666664,1.0,4.0,4.0,,,,,,,,,,,,,,,,,,,,,,,,,,,,,,,,,,,,,72.811195,11.676438,4.210434,6.720644,4.767405,5.392231,1.540112,2.921328,2.411033,1.886613,20.321836,4.110336,3.550977,2.020288,1.326029,-1.0
1708964450.169737,4286.666504,4170.256348,4266.153809,4.0,4.0,4.0,100.0,66.666664,1.0,4.0,4.0,,,,,,,,,,,,,,,,,,,,,,,,,,,,,,,,,,,,,665.065063,56.263489,12.105452,3.737565,9.413595,5.219632,12.998918,4.450426,3.536777,2.789378,165.248016,31.966707,6.906248,3.064312,3.063168,1.0
1708964471.300763,4394.358887,4013.333252,4118.974121,4.0,4.0,4.0,100.0,,,,,,,,,,,,,,,,,,,,,,,,,,,,,,,,,,,,,,,,,3.466026,5.620899,5.65297,2.336864,9.992002,6.586365,5.119983,4.34468,1.131706,1.332989,5.826838,4.048547,2.806494,2.453711,3.08961,-1.0
1708964033.550938,4390.769043,4222.05127,4376.922852,4.0,4.0,4.0,100.0,91.666664,4.0,4.0,4.0,,,,,,,,,,,,,,,,,,,,,,,,,,,,,,,,,,,,,182.805313,24.564014,4.869364,2.062167,2.225559,5.602557,7.719535,2.123224,3.137276,1.649678,82.552666,14.963719,2.883162,2.346702,1.592418,0.0
1708963912.516426,4495.897461,3855.384521,4194.358887,4.0,4.0,4.0,100.0,41.666668,3.0,4.0,1.0,,,,,,,,,,,,,,,,,,,,,,,,,,,,,,,,,,,,,544.212524,67.829605,6.45351,3.529505,2.544769,2.943646,10.143134,2.170554,2.012992,1.523103,112.2369,19.251318,2.694936,1.055331,1.373624,-1.0
1708964225.98081,4512.307617,4064.102539,4148.717773,4.0,4.0,4.0,100.0,,,,,,,,,,,,,,,,,,,,,,,,,,,,,,,,,,,,,,,,,175.973206,67.104889,35.581528,22.715149,13.795328,20.011648,6.928052,4.534787,2.223921,2.11114,186.170135,25.624371,5.048076,3.454397,2.474248,1.0
1708964030.92519,4524.615234,4181.538574,4359.487305,4.0,4.0,4.0,100.0,,,,,,,,,,,,,,,,,,,,,,,,,,,,,,,,,,,,,,,,,7.933012,2.524189,1.53293,1.1574,3.335636,2.814358,2.806327,1.273142,0.758283,0.710979,4.446892,2.931914,1.787139,1.817131,1.087968,0.0
1708964353.892284,4352.820313,4142.05127,4257.94873,4.0,4.0,4.0,100.0,,,,,,,,,,,,,,,,,,,,,,,,,,,,,,,,,,,,,,,,,107.775101,13.532073,8.052593,7.277363,4.82493,11.672425,4.790086,4.745432,1.648859,1.811098,42.878975,10.151505,5.583875,2.891297,1.688552,-1.0
1708964753.381198,4449.743652,4195.384766,4335.384766,4.0,4.0,4.0,100.0,,,,,,,,,,,,,,,,,,,,,,,,,,,,,,,,,,,,,,,,,36.207005,6.398095,4.409944,3.021301,6.471499,17.229317,7.642642,3.488602,1.351588,1.55604,32.20509,6.017916,4.241559,1.729931,1.329425,1.0
1708964444.04299,4248.205078,4076.923096,4149.743652,4.0,4.0,4.0,100.0,,,,,,,,,,,,,,,,,,,,,,,,,,,,,,,,,,,,,,,,,13.601897,19.003143,3.012024,4.294911,7.088389,7.726372,11.312463,4.183909,1.948889,1.317139,13.024899,19.695053,3.078001,5.394147,2.272434,1.0
1708964754.131412,4476.922852,4203.077148,4363.589844,4.0,4.0,4.0,100.0,,,,,,,,,,,,,,,,,,,,,,,,,,,,,,,,,,,,,,,,,12.139971,5.913125,4.381049,2.222414,5.45089,6.992659,3.397532,1.526219,0.91873,1.596621,12.273084,5.325698,2.330466,1.305552,3.707958,1.0
1708964627.470295,4351.794922,4097.94873,4328.717773,4.0,4.0,4.0,100.0,,,,,,,,,,,,,,,,,,,,,,,,,,,,,,,,,,,,,,,,,12.165216,12.579519,4.27145,5.719198,7.672063,4.320091,10.121474,4.18368,2.546618,2.334707,10.14937,9.154377,2.837515,2.835055,2.916491,1.0
1708963908.515285,4365.641113,4180.0,4386.153809,4.0,4.0,4.0,100.0,66.666664,2.0,4.0,4.0,,,,,,,,,,,,,,,,,,,,,,,,,,,,,,,,,,,,,129.108658,37.19519,19.3071,9.50351,7.70441,4.104041,8.841084,2.050624,2.643665,1.524874,9.774621,8.72329,2.988388,3.3539,2.438644,1.0
1708964031.675404,4427.179688,4055.897461,4251.282227,4.0,4.0,4.0,100.0,,,,,,,,,,,,,,,,,,,,,,,,,,,,,,,,,,,,,,,,,15.57992,6.7604,2.944558,3.768791,2.149051,8.394361,2.512366,2.216022,1.104441,0.50865,10.994605,2.62316,2.926686,1.930813,1.29211,0.0
1708964445.168311,4207.179688,4080.0,4134.358887,4.0,4.0,4.0,100.0,66.666664,4.0,4.0,4.0,,,,,,,,,,,,,,,,,,,,,,,,,,,,,,,,,,,,,14.285658,11.565781,5.321321,3.061974,7.215324,6.95275,5.624289,7.334192,2.111597,1.895195,11.317711,13.228947,5.974302,2.120565,2.688983,0.0
1708963961.655438,4232.820313,4105.128418,4251.794922,4.0,4.0,4.0,100.0,,,,,,,,,,,,,,,,,,,,,,,,,,,,,,,,,,,,,,,,,58.525631,12.800628,3.309135,1.553891,1.744959,5.259924,3.590644,3.925409,1.761878,1.058783,20.999504,9.599801,3.848724,2.253886,1.093776,0.0
1708964466.924515,4350.256348,4130.769043,4341.025879,4.0,4.0,4.0,100.0,,,,,,,,,,,,,,,,,,,,,,,,,,,,,,,,,,,,,,,,,23.851347,13.424519,3.341769,2.797505,4.637816,10.107686,8.811122,4.876789,2.076649,2.79716,22.442089,10.439227,2.848229,3.260633,2.108704,-1.0
1708964442.167456,4337.436035,4189.743652,4327.179688,4.0,4.0,4.0,100.0,83.333336,3.0,4.0,4.0,,,,,,,,,,,,,,,,,,,,,,,,,,,,,,,,,,,,,321.422058,30.949244,10.701427,3.207676,3.75182,8.608299,5.659481,9.174191,1.570036,1.826521,112.023552,18.854383,11.774775,2.569411,2.549636,1.0
1708964354.01732,4213.846191,4072.820557,4181.025879,4.0,4.0,4.0,100.0,,,,,,,,,,,,,,,,,,,,,,,,,,,,,,,,,,,,,,,,,219.400192,18.123495,9.083501,8.283008,4.402944,13.504462,5.373125,4.827932,1.786647,1.950931,74.401688,11.416471,6.541788,3.246698,1.757935,-1.0
1708964451.54513,4302.05127,4096.922852,4234.871582,4.0,4.0,4.0,100.0,,,,,,,,,,,,,,,,,,,,,,,,,,,,,,,,,,,,,,,,,8.91432,3.042137,4.846697,3.883456,5.365566,6.810187,5.338774,4.095048,2.575316,2.028659,5.446916,3.715175,4.45451,2.399268,1.587936,1.0
1708963971.908361,4593.333496,4050.769287,4197.436035,4.0,4.0,4.0,100.0,,,,,,,,,,,,,,,,,,,,,,,,,,,,,,,,,,,,,,,,,320.438171,42.918655,15.489114,4.56562,9.089935,10.685517,6.633853,6.460485,1.750434,2.190875,125.632225,9.238755,6.125434,5.09896,5.390522,1.0
1708963909.015427,4388.717773,4143.077148,4308.717773,4.0,4.0,4.0,100.0,100.0,4.0,4.0,4.0,,,,,,,,,,,,,,,,,,,,,,,,,,,,,,,,,,,,,96.753983,22.38526,11.137102,6.364594,5.902819,6.903918,6.558741,3.004148,2.950738,1.716195,21.872412,3.32482,3.278582,3.549029,2.253561,1.0
1708963961.530402,4751.282227,4190.769043,4570.769043,4.0,4.0,4.0,100.0,100.0,4.0,4.0,4.0,,,,,,,,,,,,,,,,,,,,,,,,,,,,,,,,,,,,,30.384459,9.338014,3.706553,1.380542,1.932157,4.037329,3.263859,3.035577,1.878703,1.249933,9.740097,6.607641,3.681051,2.152212,1.175059,0.0
1708964466.674444,4899.487305,4154.358887,4612.307617,4.0,4.0,4.0,100.0,66.666664,3.0,4.0,4.0,,,,,,,,,,,,,,,,,,,,,,,,,,,,,,,,,,,,,28.346832,16.413097,2.720692,3.783033,4.743482,15.93944,8.241299,2.821882,3.011059,2.466677,23.043547,11.888857,1.515632,3.089699,1.816133,-1.0
1708963869.004018,4633.846191,4149.230957,4478.461426,4.0,4.0,4.0,100.0,83.333336,4.0,4.0,4.0,,,,,,,,,,,,,,,,,,,,,,,,,,,,,,,,,,,,,26.344669,14.081613,8.45801,4.247601,2.212773,21.727047,22.233299,3.957427,2.16692,1.289864,35.282154,20.305981,6.350792,4.019658,1.46757,-1.0
1708964036.551794,4470.256348,4181.538574,4368.717773,4.0,4.0,4.0,100.0,100.0,4.0,4.0,4.0,,,,,,,,,,,,,,,,,,,,,,,,,,,,,,,,,,,,,312.589722,8.541357,4.394714,2.857376,2.465472,6.895055,3.691324,3.406863,0.905417,1.067802,84.650894,2.836401,2.686509,1.895149,1.111418,0.0
1708964442.917669,4197.94873,4078.461426,4171.794922,4.0,4.0,4.0,100.0,,,,,,,,,,,,,,,,,,,,,,,,,,,,,,,,,,,,,,,,,359.994324,29.195107,5.597239,6.063912,3.783079,19.155369,5.691957,3.516729,1.926898,1.736391,114.525406,16.408867,2.612488,2.124947,1.89863,1.0
1708963964.906365,4738.974121,4153.333496,4389.743652,4.0,4.0,4.0,100.0,,,,,,,,,,,,,,,,,,,,,,,,,,,,,,,,,,,,,,,,,243.547913,57.371548,3.861368,2.172754,1.741484,7.770261,10.642742,4.436451,2.211186,1.41182,59.116356,20.879927,4.884228,2.494027,0.899943,0.0
1708964443.667883,4268.205078,4158.461426,4221.538574,4.0,4.0,4.0,100.0,75.0,4.0,4.0,4.0,,,,,,,,,,,,,,,,,,,,,,,,,,,,,,,,,,,,,21.756979,14.97167,3.730145,3.607032,5.759893,8.880634,9.957995,5.870622,1.607557,1.487442,17.599419,13.094208,4.065598,4.136772,1.789188,1.0
1708963908.515285,4365.641113,4180.0,4386.153809,4.0,4.0,4.0,100.0,66.666664,2.0,4.0,4.0,,,,,,,,,,,,,,,,,,,,,,,,,,,,,,,,,,,,,129.108658,37.19519,19.3071,9.50351,7.70441,4.104041,8.841084,2.050624,2.643665,1.524874,9.774621,8.72329,2.988388,3.3539,2.438644,1.0
1708963962.280616,4087.692383,4057.94873,4102.05127,4.0,4.0,4.0,83.333336,,,,,,,,,,,,,,,,,,,,,,,,,,,,,,,,,,,,,,,,,527.272644,64.368889,2.611324,3.04816,1.240713,26.666733,9.668777,5.510042,1.286765,0.943009,214.01503,37.935474,1.647616,1.89698,0.728804,0.0
1708963911.015998,4145.641113,4097.94873,4237.94873,4.0,4.0,4.0,100.0,91.666664,3.0,4.0,4.0,,,,,,,,,,,,,,,,,,,,,,,,,,,,,,,,,,,,,73.796806,19.274775,6.543941,3.611529,2.713515,7.200498,4.309854,1.7752,1.016865,1.191292,60.062954,5.629183,3.417954,1.716434,1.652694,-1.0
1708963912.266354,4241.025879,3841.538574,3954.871826,4.0,4.0,1.0,50.0,,,,,,,,,,,,,,,,,,,,,,,,,,,,,,,,,,,,,,,,,553.91272,79.189766,8.771585,4.292018,3.12158,1.43281,10.190646,2.376103,1.769475,1.841482,118.065407,19.085438,2.704031,0.823398,1.393785,-1.0
1708964033.80101,4294.871582,4150.256348,4286.153809,4.0,4.0,4.0,100.0,,,,,,,,,,,,,,,,,,,,,,,,,,,,,,,,,,,,,,,,,59.386879,12.284875,4.880371,2.876456,2.414091,2.517448,6.350372,2.653375,2.681235,2.121065,29.235929,7.056586,2.892851,2.682024,1.840947,0.0
1708964444.543133,4250.256348,4069.230713,4085.641113,4.0,4.0,4.0,100.0,,,,,,,,,,,,,,,,,,,,,,,,,,,,,,,,,,,,,,,,,5.294949,11.501547,3.820814,3.743687,5.989696,6.759895,6.729857,8.121842,2.595764,2.499491,7.455345,14.754073,4.633835,3.738783,3.144876,0.0
1708963974.53411,4412.820313,4180.512695,4315.897461,4.0,4.0,4.0,100.0,91.666664,4.0,4.0,4.0,,,,,,,,,,,,,,,,,,,,,,,,,,,,,,,,,,,,,9.445412,3.680032,2.233791,2.740118,3.878688,7.693782,3.384311,2.746343,1.007237,1.673059,10.225377,4.80713,3.656907,2.732082,1.777082,1.0
1708963964.406222,5237.94873,4043.076904,4311.794922,4.0,4.0,4.0,100.0,,,,,,,,,,,,,,,,,,,,,,,,,,,,,,,,,,,,,,,,,275.791016,50.846161,5.750219,2.264122,2.036381,9.243507,9.808869,6.661345,1.779591,1.869845,85.192886,25.347979,5.333355,2.957275,0.849248,0.0
1708964450.544844,4296.922852,4124.615234,4286.666504,4.0,4.0,4.0,100.0,,,,,,,,,,,,,,,,,,,,,,,,,,,,,,,,,,,,,,,,,274.147736,21.410128,7.190081,2.30584,7.711022,5.234607,6.31672,3.096376,3.807692,2.452037,65.867889,7.928176,5.301025,2.957126,3.497041,1.0
1708964753.506234,4438.461426,4180.512695,4354.358887,4.0,4.0,4.0,100.0,,,,,,,,,,,,,,,,,,,,,,,,,,,,,,,,,,,,,,,,,41.484459,7.49467,4.827504,2.835311,6.847088,20.55975,7.619371,3.508048,1.118922,1.545818,36.512379,6.892211,4.554521,1.594211,1.365782,1.0
1708964573.079785,4777.94873,4155.384766,4567.179688,4.0,4.0,4.0,100.0,,,,,,,,,,,,,,,,,,,,,,,,,,,,,,,,,,,,,,,,,12.109588,7.025754,4.226856,3.126197,3.419492,19.313435,3.744431,5.532133,2.927884,2.06353,12.498781,7.114886,1.995461,2.51998,1.718947,1.0
1708963962.030545,4337.94873,4203.077148,4343.077148,4.0,4.0,4.0,83.333336,83.333336,4.0,4.0,4.0,,,,,,,,,,,,,,,,,,,,,,,,,,,,,,,,,,,,,330.493896,42.210419,2.778611,2.460103,1.33461,17.580639,6.694915,6.007747,1.284322,0.76439,134.613983,28.074873,2.615965,1.909985,0.825288,0.0
1708964450.66988,4247.692383,4112.820313,4269.230957,4.0,4.0,4.0,100.0,83.333336,3.0,4.0,4.0,,,,,,,,,,,,,,,,,,,,,,,,,,,,,,,,,,,,,141.096924,12.262361,5.173508,2.183084,7.241214,6.111306,5.635346,2.564252,3.540296,2.40102,37.774799,4.443887,4.376687,2.820945,3.455847,1.0
1708963971.65829,4274.358887,4064.102539,4191.794922,4.0,4.0,4.0,100.0,,,,,,,,,,,,,,,,,,,,,,,,,,,,,,,,,,,,,,,,,343.974182,49.298027,22.132538,6.855172,11.159106,6.130683,5.701237,3.999845,1.966097,1.984344,105.822083,8.50065,7.191715,4.39601,4.822624,1.0
1708964648.226213,4279.487305,4088.718018,4222.563965,4.0,4.0,4.0,100.0,83.333336,3.0,4.0,4.0,,,,,,,,,,,,,,,,,,,,,,,,,,,,,,,,,,,,,10.11692,2.791822,1.491227,4.964814,4.646716,3.08559,4.347878,5.423859,2.125837,2.392887,7.032863,2.22796,2.090978,2.449444,1.741988,1.0
1708964041.678256,4033.333252,4073.333252,4209.230957,4.0,4.0,4.0,83.333336,,,,,,,,,,,,,,,,,,,,,,,,,,,,,,,,,,,,,,,,,316.433441,34.305019,5.732035,2.291992,4.110595,2.018758,2.402904,1.658155,0.97896,1.120815,92.059036,16.06274,3.353913,1.062594,1.427792,-1.0
1708963972.408504,4422.05127,4078.461426,4168.717773,4.0,4.0,4.0,100.0,,,,,,,,,,,,,,,,,,,,,,,,,,,,,,,,,,,,,,,,,115.443581,27.098083,12.906075,4.123209,5.405341,12.666493,7.974472,8.863133,0.917527,2.335128,47.613956,5.625582,4.160398,3.838585,3.242714,1.0
1708964647.726071,4281.025879,4131.282227,4279.487305,4.0,4.0,4.0,100.0,41.666668,1.0,4.0,4.0,,,,,,,,,,,,,,,,,,,,,,,,,,,,,,,,,,,,,19.897118,4.736312,6.393347,6.577827,6.458795,5.109816,3.020417,5.828529,3.144612,3.009847,7.131794,2.420813,6.872238,2.209945,2.342134,1.0
1708964475.677011,4216.922852,4013.333252,4183.589844,4.0,4.0,4.0,100.0,83.333336,3.0,4.0,4.0,,,,,,,,,,,,,,,,,,,,,,,,,,,,,,,,,,,,,23.596037,6.766091,5.570545,2.91609,4.319092,9.049963,7.648738,3.507466,3.049444,2.03815,23.854746,7.718884,3.212143,3.269387,2.09733,-1.0
1708963909.140463,4600.0,4204.615234,4537.436035,4.0,4.0,4.0,100.0,,,,,,,,,,,,,,,,,,,,,,,,,,,,,,,,,,,,,,,,,64.933472,15.146653,7.846613,5.003318,5.350023,7.025749,6.61103,3.467219,2.938572,1.705838,22.518997,3.370414,4.257449,3.281779,2.096629,1.0
1708963972.533539,4406.666504,4088.718018,4231.794922,4.0,4.0,4.0,100.0,75.0,3.0,4.0,4.0,,,,,,,,,,,,,,,,,,,,,,,,,,,,,,,,,,,,,115.895363,26.147425,14.524528,4.554469,5.002777,10.454216,7.399563,7.229184,0.815121,2.241686,34.494915,4.930679,3.86451,3.29044,2.544704,1.0
1708964041.55322,4232.820313,4083.076904,4236.410156,4.0,4.0,4.0,83.333336,33.333332,4.0,4.0,2.0,,,,,,,,,,,,,,,,,,,,,,,,,,,,,,,,,,,,,321.120697,34.09901,5.890087,2.17379,4.416088,1.644383,2.735421,1.913308,0.864075,1.065683,92.197006,16.259531,3.508694,1.149555,1.361673,-1.0
1708964475.551975,4235.384766,4001.538574,4168.717773,4.0,4.0,4.0,100.0,,,,,,,,,,,,,,,,,,,,,,,,,,,,,,,,,,,,,,,,,42.126175,5.858372,4.272316,2.797721,4.015247,8.865507,6.601643,3.644412,2.92725,2.131894,33.684292,6.695753,3.410292,3.268721,2.433433,-1.0
1708964041.428185,4141.538574,4072.307617,4145.128418,4.0,4.0,2.0,33.333332,,,,,,,,,,,,,,,,,,,,,,,,,,,,,,,,,,,,,,,,,279.975433,30.324308,5.402353,2.165515,4.649307,1.268822,3.032678,2.287189,0.798248,0.987633,79.182823,14.637515,3.238831,1.243743,1.310825,-1.0
1708963908.015142,4229.230957,4184.615234,4319.487305,4.0,4.0,4.0,100.0,16.666666,0.0,4.0,0.0,,,,,,,,,,,,,,,,,,,,,,,,,,,,,,,,,,,,,170.860687,75.286171,12.655903,6.006693,6.317923,10.033205,35.042595,3.200658,2.987553,2.103058,81.444115,44.606102,6.244298,3.060153,2.435857,1.0
1708963973.158718,4417.436035,4115.384766,4280.512695,4.0,4.0,4.0,100.0,,,,,,,,,,,,,,,,,,,,,,,,,,,,,,,,,,,,,,,,,313.608246,22.675701,9.172394,4.799895,4.897103,9.549009,9.725985,4.717712,1.047019,1.096259,90.928123,12.33603,8.580809,1.685376,1.253316,1.0
1708963909.015427,4388.717773,4143.077148,4308.717773,4.0,4.0,4.0,100.0,100.0,4.0,4.0,4.0,,,,,,,,,,,,,,,,,,,,,,,,,,,,,,,,,,,,,96.753983,22.38526,11.137102,6.364594,5.902819,6.903918,6.558741,3.004148,2.950738,1.716195,21.872412,3.32482,3.278582,3.549029,2.253561,1.0
1708964450.169737,4286.666504,4170.256348,4266.153809,4.0,4.0,4.0,100.0,66.666664,1.0,4.0,4.0,,,,,,,,,,,,,,,,,,,,,,,,,,,,,,,,,,,,,665.065063,56.263489,12.105452,3.737565,9.413595,5.219632,12.998918,4.450426,3.536777,2.789378,165.248016,31.966707,6.906248,3.064312,3.063168,1.0
1708963973.783896,4321.025879,4069.230713,4266.666504,4.0,4.0,4.0,100.0,,,,,,,,,,,,,,,,,,,,,,,,,,,,,,,,,,,,,,,,,46.389362,11.382372,1.789883,3.489204,3.386254,4.653825,12.133728,3.855867,1.851197,1.582945,18.891027,11.861629,2.320078,1.722177,1.58333,1.0
1708963912.016283,4142.05127,3905.128174,4000.0,4.0,4.0,1.0,50.0,41.666668,4.0,4.0,1.0,,,,,,,,,,,,,,,,,,,,,,,,,,,,,,,,,,,,,339.578308,65.234795,12.490411,7.129775,3.629342,1.798712,8.446071,2.829721,1.697877,2.091465,70.250626,13.416884,2.441142,0.70018,1.500673,-1.0
1708964470.675585,4322.563965,4120.512695,4157.94873,4.0,4.0,4.0,100.0,8.333333,1.0,4.0,4.0,,,,,,,,,,,,,,,,,,,,,,,,,,,,,,,,,,,,,3.722457,6.440147,5.295702,3.2163,9.650784,6.717341,7.262474,6.917486,3.119214,1.944347,7.26173,6.851741,3.584085,3.38952,4.261557,-1.0
1708963972.783611,4407.692383,4116.922852,4284.615234,4.0,4.0,4.0,100.0,,,,,,,,,,,,,,,,,,,,,,,,,,,,,,,,,,,,,,,,,203.239365,27.299006,15.407754,5.170344,4.747232,7.419235,6.549931,4.220875,0.782999,1.746455,46.002785,7.140212,5.205675,2.371137,1.613611,1.0
1708964471.67587,4475.384766,4047.179443,4188.717773,4.0,4.0,4.0,100.0,66.666664,4.0,4.0,4.0,,,,,,,,,,,,,,,,,,,,,,,,,,,,,,,,,,,,,14.328337,6.829877,6.282571,3.475885,7.69855,10.564447,4.021204,2.704004,1.333273,1.694601,13.367948,3.920394,4.292428,2.909605,2.573303,-1.0
1708963909.51557,4872.820313,4133.333496,4509.743652,4.0,4.0,4.0,100.0,91.666664,3.0,4.0,4.0,,,,,,,,,,,,,,,,,,,,,,,,,,,,,,,,,,,,,76.974854,11.754834,4.787738,2.704258,4.209861,7.721148,5.810237,3.971947,2.375666,1.518778,49.198196,5.848142,6.405878,2.291473,1.908686,1.0
1708964041.053078,4187.179688,4050.256348,4135.897461,4.0,4.0,2.0,33.333332,33.333332,4.0,4.0,2.0,,,,,,,,,,,,,,,,,,,,,,,,,,,,,,,,,,,,,115.069527,14.888423,2.916107,2.918067,5.187092,0.999952,3.583352,3.264687,0.970643,0.792238,32.963585,7.424696,1.863981,1.400952,1.383627,-1.0
1708964451.795201,4307.692383,4105.641113,4238.461426,4.0,4.0,4.0,100.0,,,,,,,,,,,,,,,,,,,,,,,,,,,,,,,,,,,,,,,,,4.938822,4.173338,6.611362,4.57014,5.580532,4.380529,7.017129,8.291016,2.341797,1.693085,2.209404,5.438801,9.45356,2.174878,1.35166,1.0
1708964042.928613,4214.871582,4138.974121,4244.102539,4.0,4.0,4.0,100.0,,,,,,,,,,,,,,,,,,,,,,,,,,,,,,,,,,,,,,,,,55.616611,13.596017,5.997937,4.649625,8.064681,8.718979,5.594936,3.037457,2.523475,2.671944,30.289944,5.381904,4.233949,2.584687,1.973235,-1.0
1708964441.667313,4931.794922,4234.358887,4592.820313,4.0,4.0,4.0,100.0,91.666664,4.0,4.0,4.0,,,,,,,,,,,,,,,,,,,,,,,,,,,,,,,,,,,,,26.251596,8.536366,3.846214,2.196365,5.093801,16.279589,8.181073,3.255212,1.70607,2.146712,24.36776,7.791935,6.763878,1.807066,2.14352,1.0
1708964578.70639,4188.205078,4037.94873,4209.230957,4.0,4.0,4.0,100.0,41.666668,1.0,4.0,1.0,,,,,,,,,,,,,,,,,,,,,,,,,,,,,,,,,,,,,131.479614,15.711704,3.584217,7.681715,3.959338,6.408285,4.507303,2.47898,2.332962,2.164633,56.141029,8.404634,4.869555,2.448354,2.450966,0.0
1708963962.530687,4150.256348,4079.487061,4114.871582,4.0,4.0,4.0,100.0,83.333336,4.0,4.0,4.0,,,,,,,,,,,,,,,,,,,,,,,,,,,,,,,,,,,,,488.000214,65.12043,2.510096,3.585533,1.314877,27.061172,13.546096,3.851012,1.451617,1.132025,197.067703,36.262936,1.338347,2.108615,0.649518,0.0
1708964442.04242,4262.05127,4105.128418,4271.282227,4.0,4.0,4.0,100.0,,,,,,,,,,,,,,,,,,,,,,,,,,,,,,,,,,,,,,,,,182.695847,20.538038,8.751509,2.90602,3.982979,8.333231,6.189989,7.825938,1.722516,1.890841,69.308975,13.784465,10.478016,2.412539,2.648545,1.0
1708963909.890677,4465.128418,4131.794922,4233.846191,4.0,4.0,4.0,100.0,,,,,,,,,,,,,,,,,,,,,,,,,,,,,,,,,,,,,,,,,359.616821,33.861126,6.867121,2.508808,3.139077,12.666397,5.88886,2.46768,1.979962,1.159195,254.189697,18.850519,6.494567,2.2365,1.624821,1.0
1708964354.142355,4228.717773,4122.05127,4237.94873,4.0,4.0,4.0,100.0,83.333336,3.0,4.0,4.0,1.0,0.293671,-1.270018,-2.171494,0.576519,1.0,0.416927,0.590913,-0.305114,1.674479,1.0,0.466962,14.408989,4.68586,26.988877,0.651075,1.0,0.399748,-0.138002,-0.278521,0.077434,1.0,0.417851,0.389272,-0.471935,1.600794,1.0,0.458875,4.780137,-29.800859,44.71939,1.0,0.322625,0.534636,0.481291,0.630304,362.37561,25.039207,10.304534,8.553329,4.103278,18.434893,7.279734,5.229236,2.107135,2.068035,112.58004,13.702499,7.579067,3.512059,1.811331,-1.0
1708964190.59572,4242.563965,4015.384521,4128.205078,4.0,4.0,4.0,100.0,100.0,4.0,4.0,4.0,,,,,,,,,,,,,,,,,,,,,,,,,,,,,,,,,,,,,2.025496,3.540759,2.734316,3.361599,3.927957,3.047968,4.235043,1.894093,1.473745,1.105206,1.040867,2.263827,1.370005,1.728867,1.610271,-1.0
1708964475.927082,4280.0,4029.743652,4225.641113,4.0,4.0,4.0,100.0,,,,,,,,,,,,,,,,,,,,,,,,,,,,,,,,,,,,,,,,,7.020577,7.164642,7.896858,2.763963,4.316922,8.489756,8.351986,3.692597,2.899191,1.716383,14.187228,8.748736,2.686315,3.160889,1.451657,-1.0
1708964647.976142,4298.461426,4080.0,4224.615234,4.0,4.0,4.0,100.0,,,,,,,,,,,,,,,,,,,,,,,,,,,,,,,,,,,,,,,,,9.784627,3.370828,3.201648,5.366143,5.31905,3.962705,3.982183,5.379114,2.574174,2.968591,5.790441,2.356393,3.387578,2.04785,2.075827,1.0
1708963908.64032,4410.769043,4156.922852,4361.025879,4.0,4.0,4.0,100.0,,,,,,,,,,,,,,,,,,,,,,,,,,,,,,,,,,,,,,,,,149.078049,38.07642,19.784966,9.516326,7.549097,4.751732,6.809106,2.078,2.674375,1.595353,12.857587,6.051957,2.407809,3.596215,2.554519,1.0
1708963869.504161,4345.641113,4263.589844,4344.102539,4.0,4.0,4.0,100.0,83.333336,4.0,4.0,4.0,,,,,,,,,,,,,,,,,,,,,,,,,,,,,,,,,,,,,63.952457,18.999334,5.677319,3.458386,3.3278,19.061216,13.390033,2.733937,1.210585,1.440232,36.186745,15.848355,2.567854,2.298598,1.782152,-1.0
1708964649.726641,4344.615234,4096.410156,4255.897461,4.0,4.0,4.0,100.0,91.666664,4.0,4.0,4.0,,,,,,,,,,,,,,,,,,,,,,,,,,,,,,,,,,,,,297.660522,20.967302,5.192964,5.361279,2.619415,5.201611,5.608454,2.399033,2.594729,1.524046,107.293602,11.360635,5.443038,2.862506,2.481566,1.0
1708964445.043275,4215.384766,4141.538574,4186.153809,4.0,4.0,4.0,100.0,,,,,,,,,,,,,,,,,,,,,,,,,,,,,,,,,,,,,,,,,9.745578,11.253604,4.977081,2.464889,6.731609,6.634079,5.583319,7.826195,2.015429,2.030648,9.240096,13.09551,6.01097,2.108492,2.821452,0.0
1708964031.550368,4465.641113,4071.281982,4240.512695,4.0,4.0,4.0,100.0,100.0,4.0,4.0,4.0,,,,,,,,,,,,,,,,,,,,,,,,,,,,,,,,,,,,,12.805558,5.295122,2.148012,3.391799,2.424225,6.925355,1.751593,1.930078,1.025018,0.53173,9.413608,2.26993,2.571466,1.987173,1.306186,0.0
1708964036.551794,4470.256348,4181.538574,4368.717773,4.0,4.0,4.0,100.0,100.0,4.0,4.0,4.0,,,,,,,,,,,,,,,,,,,,,,,,,,,,,,,,,,,,,312.589722,8.541357,4.394714,2.857376,2.465472,6.895055,3.691324,3.406863,0.905417,1.067802,84.650894,2.836401,2.686509,1.895149,1.111418,0.0
1708964443.667883,4268.205078,4158.461426,4221.538574,4.0,4.0,4.0,100.0,75.0,4.0,4.0,4.0,,,,,,,,,,,,,,,,,,,,,,,,,,,,,,,,,,,,,21.756979,14.97167,3.730145,3.607032,5.759893,8.880634,9.957995,5.870622,1.607557,1.487442,17.599419,13.094208,4.065598,4.136772,1.789188,1.0
1708964562.951897,4503.589844,3925.128174,4070.769287,4.0,4.0,4.0,100.0,,,,,,,,,,,,,,,,,,,,,,,,,,,,,,,,,,,,,,,,,81.399353,14.131301,8.242375,8.329593,4.83245,3.06779,5.73644,4.495095,1.794394,2.086558,32.174259,7.421604,5.310191,2.532681,2.755932,1.0
1708963971.533254,4376.922852,4127.179688,4316.922852,4.0,4.0,4.0,100.0,41.666668,1.0,4.0,3.0,,,,,,,,,,,,,,,,,,,,,,,,,,,,,,,,,,,,,315.640381,48.433071,24.148779,8.059201,11.429838,5.455547,5.272601,3.558974,1.962361,1.854409,83.805969,8.589801,7.769183,3.954792,4.38867,1.0
1708963973.033682,4360.512695,4094.358887,4215.384766,4.0,4.0,4.0,100.0,83.333336,3.0,4.0,4.0,,,,,,,,,,,,,,,,,,,,,,,,,,,,,,,,,,,,,302.810272,25.268991,11.785492,5.09127,4.895301,8.624351,8.135017,4.121276,0.921666,1.218343,81.596924,11.270655,7.974457,1.808333,1.255081,1.0
1708964032.92576,4200.0,4070.256348,4183.589844,4.0,4.0,4.0,100.0,,,,,,,,,,,,,,,,,,,,,,,,,,,,,,,,,,,,,,,,,170.106262,45.316422,3.884605,2.189027,2.866464,16.958792,15.07318,2.71652,1.436886,1.459062,88.723076,32.378914,3.931483,1.097392,1.248672,0.0
1708963908.265213,4328.205078,4213.333496,4390.256348,4.0,4.0,4.0,100.0,,,,,,,,,,,,,,,,,,,,,,,,,,,,,,,,,,,,,,,,,87.184944,41.455006,14.587635,7.935223,7.196859,5.347623,19.677746,2.420222,2.712532,1.546196,20.945181,20.978783,4.600252,2.908336,2.11805,1.0
1708963963.781044,4298.461426,4171.794922,4296.922852,4.0,4.0,4.0,100.0,,,,,,,,,,,,,,,,,,,,,,,,,,,,,,,,,,,,,,,,,315.843872,48.748402,8.305783,2.719631,2.728559,10.00575,5.979238,7.1918,3.612162,1.849084,137.526108,19.743238,5.626606,3.527574,1.342259,0.0
1708964032.300582,4772.307617,4060.512939,4520.0,4.0,4.0,4.0,100.0,,,,,,,,,,,,,,,,,,,,,,,,,,,,,,,,,,,,,,,,,17.328283,10.915671,3.574387,3.256888,2.034496,12.381897,4.409733,2.619198,1.03175,0.888947,9.627892,6.986473,3.707721,1.86919,0.950677,0.0
1708964563.076933,5171.282227,3968.718018,4412.820313,4.0,4.0,4.0,100.0,,,,,,,,,,,,,,,,,,,,,,,,,,,,,,,,,,,,,,,,,61.354465,15.506905,6.641957,8.352242,4.284549,2.232943,3.871863,4.076082,1.998907,1.989658,18.983688,6.236102,4.149373,2.521569,2.724969,1.0
1708964188.220043,4288.717773,4119.487305,4252.307617,4.0,4.0,4.0,100.0,,,,,,,,,,,,,,,,,,,,,,,,,,,,,,,,,,,,,,,,,147.48082,29.075949,8.002151,4.098325,2.084993,9.04238,7.307856,9.52337,1.641849,1.599458,59.209717,19.717024,7.523984,2.42555,2.629243,-1.0
1708964030.300012,4596.922852,4148.717773,4303.589844,4.0,4.0,4.0,100.0,,,,,,,,,,,,,,,,,,,,,,,,,,,,,,,,,,,,,,,,,35.839836,8.413001,2.730686,1.174234,3.206836,3.465972,2.63205,0.883967,0.961701,1.057839,11.516191,2.283075,1.644957,0.73878,0.79667,0.0
1708963961.780473,4169.743652,4072.307617,4159.487305,4.0,4.0,4.0,100.0,,,,,,,,,,,,,,,,,,,,,,,,,,,,,,,,,,,,,,,,,117.555817,19.396786,3.043906,1.816129,1.580153,7.858603,4.360649,4.835471,1.578565,0.891851,45.925457,14.547728,3.670486,2.201303,0.993271,0.0
1708963868.753947,4377.94873,4083.589844,4242.05127,4.0,4.0,4.0,100.0,,,,,,,,,,,,,,,,,,,,,,,,,,,,,,,,,,,,,,,,,30.708694,12.809823,7.568939,4.145449,1.730743,26.242735,19.032928,4.059566,2.073262,1.180071,39.857754,17.228598,5.107082,2.930101,1.22724,-1.0
1708964359.268817,4205.641113,3997.435791,4135.897461,4.0,4.0,4.0,100.0,,,,,,,,,,,,,,,,,,,,,,,,,,,,,,,,,,,,,,,,,21.367739,8.247875,2.887829,6.023236,5.959491,6.915472,6.772608,2.316382,3.394883,1.338835,17.984497,10.105553,1.486365,6.700939,2.623049,-1.0
1708964572.829714,4398.461426,4027.692383,4197.436035,4.0,4.0,4.0,100.0,,,,,,,,,,,,,,,,,,,,,,,,,,,,,,,,,,,,,,,,,12.970152,5.827376,6.116273,4.240414,3.041722,17.336916,4.545805,3.922076,2.798635,1.788355,15.578874,6.312561,2.112067,2.615348,1.827715,1.0
1708964041.55322,4232.820313,4083.076904,4236.410156,4.0,4.0,4.0,83.333336,33.333332,4.0,4.0,2.0,,,,,,,,,,,,,,,,,,,,,,,,,,,,,,,,,,,,,321.120697,34.09901,5.890087,2.17379,4.416088,1.644383,2.735421,1.913308,0.864075,1.065683,92.197006,16.259531,3.508694,1.149555,1.361673,-1.0
1708964030.675119,4533.333496,4173.333496,4341.538574,4.0,4.0,4.0,100.0,,,,,,,,,,,,,,,,,,,,,,,,,,,,,,,,,,,,,,,,,12.290042,3.548166,1.97249,0.923183,3.041979,3.393802,3.996771,1.047325,0.662751,0.837134,6.597294,3.059621,1.566558,1.248595,0.996809,0.0
1708963964.531258,5179.487305,4146.153809,4424.102539,4.0,4.0,4.0,100.0,75.0,1.0,4.0,4.0,,,,,,,,,,,,,,,,,,,,,,,,,,,,,,,,,,,,,297.170685,56.765335,5.273413,2.146453,1.993558,9.290708,11.791782,5.973377,1.708523,1.830638,85.583138,26.656496,5.237275,2.700663,0.842058,0.0
1708964442.167456,4337.436035,4189.743652,4327.179688,4.0,4.0,4.0,100.0,83.333336,3.0,4.0,4.0,,,,,,,,,,,,,,,,,,,,,,,,,,,,,,,,,,,,,321.422058,30.949244,10.701427,3.207676,3.75182,8.608299,5.659481,9.174191,1.570036,1.826521,112.023552,18.854383,11.774775,2.569411,2.549636,1.0
1708964627.720366,5074.358887,3994.358887,4087.692383,4.0,4.0,4.0,83.333336,58.333332,3.0,4.0,4.0,,,,,,,,,,,,,,,,,,,,,,,,,,,,,,,,,,,,,12.640729,16.594744,4.911284,5.754487,7.124027,7.703568,15.184445,4.891328,2.47603,2.200823,10.01792,13.280642,3.198307,2.624559,2.485537,1.0
1708964471.050691,4356.410156,4055.384521,4113.846191,4.0,4.0,4.0,100.0,,,,,,,,,,,,,,,,,,,,,,,,,,,,,,,,,,,,,,,,,2.887382,5.859636,5.399432,2.093351,9.534523,6.441755,7.666966,6.823539,1.977061,1.666382,5.902211,5.868652,2.912849,3.044821,3.828965,-1.0
1708964648.101178,4300.512695,4086.153809,4194.871582,4.0,4.0,4.0,100.0,,,,,,,,,,,,,,,,,,,,,,,,,,,,,,,,,,,,,,,,,10.100381,2.909471,2.129377,5.039217,4.931906,3.452556,4.357561,5.401721,2.322331,2.734687,6.396147,2.275946,2.41612,2.203472,1.914425,1.0
1708964474.676726,3978.461426,4075.384521,4086.666748,4.0,4.0,4.0,100.0,75.0,3.0,4.0,4.0,,,,,,,,,,,,,,,,,,,,,,,,,,,,,,,,,,,,,164.187424,17.40572,4.524969,3.300462,2.659665,9.840503,8.785523,4.407854,1.495376,2.36557,77.783722,8.875303,3.36003,2.981087,1.988181,-1.0
1708964649.351534,4304.102539,4143.077148,4244.615234,4.0,4.0,4.0,100.0,,,,,,,,,,,,,,,,,,,,,,,,,,,,,,,,,,,,,,,,,85.159943,14.596225,3.755382,6.303428,3.626421,11.934863,8.925648,3.385598,2.411256,1.91823,34.367924,11.44379,4.129863,1.350213,2.275013,1.0
1708964035.926616,4411.794922,4140.0,4295.897461,4.0,4.0,4.0,100.0,,,,,,,,,,,,,,,,,,,,,,,,,,,,,,,,,,,,,,,,,115.782593,15.433683,4.501231,4.349992,2.872008,4.075068,1.626929,3.659928,1.17591,0.962342,33.831516,3.642268,3.249783,2.007891,1.836263,0.0
1708964466.799479,4685.128418,4126.153809,4462.05127,4.0,4.0,4.0,100.0,,,,,,,,,,,,,,,,,,,,,,,,,,,,,,,,,,,,,,,,,22.595842,14.27439,2.809099,3.022148,4.791337,13.234776,8.441762,3.741948,2.37588,2.648553,21.478502,11.02043,2.042082,3.103889,1.968971,-1.0
1708963911.141034,4173.846191,4093.846191,4231.282227,4.0,4.0,4.0,100.0,,,,,,,,,,,,,,,,,,,,,,,,,,,,,,,,,,,,,,,,,54.228241,20.106855,8.269925,4.226343,2.713483,7.458623,5.870398,2.331045,1.209463,1.212441,35.568092,5.214365,3.077691,1.370465,1.642114,-1.0
1708964353.392141,4875.897461,4211.282227,4657.94873,4.0,4.0,4.0,100.0,,,,,,,,,,,,,,,,,,,,,,,,,,,,,,,,,,,,,,,,,16.572079,11.247396,5.179223,3.578919,8.116044,14.305273,9.436212,8.537618,3.040477,2.114532,15.418511,12.078834,4.428374,2.335252,1.685852,-1.0
1708963962.030545,4337.94873,4203.077148,4343.077148,4.0,4.0,4.0,83.333336,83.333336,4.0,4.0,4.0,,,,,,,,,,,,,,,,,,,,,,,,,,,,,,,,,,,,,330.493896,42.210419,2.778611,2.460103,1.33461,17.580639,6.694915,6.007747,1.284322,0.76439,134.613983,28.074873,2.615965,1.909985,0.825288,0.0
1708963974.409074,4331.794922,4134.358887,4314.871582,4.0,4.0,4.0,100.0,,,,,,,,,,,,,,,,,,,,,,,,,,,,,,,,,,,,,,,,,8.214412,5.108649,1.606462,2.847497,3.785651,6.330761,4.081405,2.450792,1.11256,1.918395,8.900049,6.585055,2.982835,2.495112,1.725589,1.0
1708964034.051081,4374.871582,4149.743652,4322.05127,4.0,4.0,4.0,100.0,100.0,4.0,4.0,4.0,1.0,0.287211,-1.258514,-2.253064,0.736425,1.0,0.522354,0.693638,-0.335631,1.758634,1.0,0.725328,18.823987,4.14031,25.425296,0.535858,1.0,0.408225,-0.139185,-0.283849,0.08083,1.0,0.513523,0.512048,-0.535695,1.682987,1.0,0.64802,16.1688,-33.09953,48.064212,1.0,0.354291,0.542593,0.478808,0.6321,9.562846,6.69781,3.626257,3.346033,2.449356,2.072709,4.95295,2.184744,1.923814,2.263379,8.273266,3.876868,2.343782,2.852324,1.843863,0.0
1708964029.424762,4831.282227,4233.846191,4388.205078,4.0,4.0,4.0,100.0,,,,,,,,,,,,,,,,,,,,,,,,,,,,,,,,,,,,,,,,,310.879089,26.981956,7.309788,6.906755,3.193984,9.163884,3.60271,2.261315,1.694718,1.665098,169.373535,18.017138,1.936365,1.182827,1.530677,0.0
1708964544.571656,4572.307617,4146.666504,4463.077148,4.0,4.0,4.0,100.0,,,,,,,,,,,,,,,,,,,,,,,,,,,,,,,,,,,,,,,,,146.925186,22.593285,3.940475,7.224243,4.938639,6.782279,1.809749,3.459112,2.657407,1.932939,43.044693,7.260177,3.823865,2.198247,1.302214,-1.0
1708963910.265784,4429.743652,4140.0,4301.538574,4.0,4.0,4.0,100.0,,,,,,,,,,,,,,,,,,,,,,,,,,,,,,,,,,,,,,,,,571.996582,51.494297,9.859891,4.678313,2.495489,14.523301,4.232362,1.009284,1.553124,1.08891,466.630249,29.283987,6.681608,3.112501,1.338572,1.0
1708964444.168026,4344.615234,4135.384766,4202.05127,4.0,4.0,4.0,100.0,75.0,4.0,4.0,4.0,1.0,0.555631,-0.789234,-2.16537,0.538727,1.0,0.526682,0.739697,-0.29409,1.651194,1.0,0.240138,10.669103,4.816492,27.041629,0.525669,1.0,0.366238,-0.14199,-0.277295,0.076023,1.0,0.307277,0.252591,-0.461478,1.580857,1.0,0.44428,4.266005,-29.061369,43.876532,1.0,0.495333,0.555065,0.481924,0.630498,11.352901,18.095181,2.829005,4.557821,7.090415,7.683393,10.36693,4.732452,2.262748,1.585974,11.086668,19.963892,3.003378,5.34492,2.574905,1.0
1708963964.781329,4880.512695,4207.692383,4436.922852,4.0,4.0,4.0,100.0,,,,,,,,,,,,,,,,,,,,,,,,,,,,,,,,,,,,,,,,,280.885986,62.117489,4.392489,2.125891,1.879131,8.530334,12.375759,4.857268,2.037933,1.588296,72.597076,24.679436,5.1045,2.533548,0.860411,0.0
1708964030.800154,4551.282227,4158.461426,4399.487305,4.0,4.0,4.0,100.0,,,,,,,,,,,,,,,,,,,,,,,,,,,,,,,,,,,,,,,,,9.94786,2.927169,1.738652,0.97302,3.204057,3.009272,3.563682,1.188979,0.695809,0.767589,5.510234,3.08188,1.637797,1.538241,1.048172,0.0
1708964770.761154,4373.333496,4037.435791,4265.641113,4.0,4.0,4.0,100.0,66.666664,3.0,4.0,2.0,,,,,,,,,,,,,,,,,,,,,,,,,,,,,,,,,,,,,2.222838,9.600019,2.517027,5.688704,5.360658,3.937284,5.161851,2.203624,1.210893,2.103485,2.798679,4.971052,2.103369,2.949206,2.185564,0.0
1708963912.641461,4340.512695,3912.307617,4120.0,4.0,4.0,4.0,100.0,,,,,,,,,,,,,,,,,,,,,,,,,,,,,,,,,,,,,,,,,436.339905,51.405354,5.120112,3.461498,2.402034,4.314447,9.390708,2.039462,2.124195,1.414585,88.771698,16.619656,2.451694,1.227086,1.406013,-1.0
1708964043.053648,4305.641113,4145.128418,4260.0,4.0,4.0,4.0,100.0,33.333332,4.0,4.0,2.0,,,,,,,,,,,,,,,,,,,,,,,,,,,,,,,,,,,,,59.140648,12.321916,6.602523,4.812878,8.484266,8.211461,6.579707,3.484283,2.352414,2.580872,32.900497,6.096719,4.296528,2.529686,2.054952,-1.0
1708964444.293062,4411.282227,4156.922852,4252.307617,4.0,4.0,4.0,100.0,,,,,,,,,,,,,,,,,,,,,,,,,,,,,,,,,,,,,,,,,9.057941,16.092028,2.932353,4.575667,6.796694,7.515857,9.054688,5.810429,2.506113,1.94092,9.534016,18.87709,3.334007,4.988386,2.848809,0.0
1708964754.256448,5892.307617,4166.666504,4709.230957,4.0,4.0,4.0,100.0,66.666664,1.0,4.0,4.0,1.0,0.344014,-1.164424,-2.196387,0.455371,1.0,0.390134,0.514663,-0.238204,1.592062,1.0,0.483662,16.352015,5.237245,27.119274,0.532106,1.0,0.402402,-0.134632,-0.274349,0.080902,1.0,0.460111,0.474816,-0.40782,1.560947,1.0,0.492661,6.506606,-27.06219,41.84354,1.0,0.372887,0.544819,0.483863,0.63234,14.039518,7.562819,4.076687,2.17136,5.523348,7.931467,4.336036,1.360242,0.974456,1.482219,14.68894,6.04767,2.169104,1.437707,3.855096,1.0
1708963911.015998,4145.641113,4097.94873,4237.94873,4.0,4.0,4.0,100.0,91.666664,3.0,4.0,4.0,,,,,,,,,,,,,,,,,,,,,,,,,,,,,,,,,,,,,73.796806,19.274775,6.543941,3.611529,2.713515,7.200498,4.309854,1.7752,1.016865,1.191292,60.062954,5.629183,3.417954,1.716434,1.652694,-1.0
1708964032.050511,4478.974121,4161.025879,4345.128418,4.0,4.0,4.0,100.0,91.666664,4.0,4.0,4.0,,,,,,,,,,,,,,,,,,,,,,,,,,,,,,,,,,,,,18.398228,8.785042,4.71244,3.855098,1.757124,11.816915,4.128264,2.561746,1.24424,0.607551,10.174778,4.248239,3.856171,1.999964,0.999355,0.0
1708964041.803292,4118.461426,4080.512939,4190.769043,4.0,4.0,4.0,83.333336,,,,,,,,,,,,,,,,,,,,,,,,,,,,,,,,,,,,,,,,,267.698486,31.248882,5.052868,2.536479,3.7369,2.387215,2.060777,1.498213,1.115253,1.138985,79.265495,14.3061,2.862959,1.020427,1.479799,-1.0
1708963972.033397,4600.0,4117.436035,4255.897461,4.0,4.0,4.0,100.0,50.0,1.0,4.0,4.0,,,,,,,,,,,,,,,,,,,,,,,,,,,,,,,,,,,,,264.620697,37.510555,12.580564,3.903593,7.861078,13.041052,7.210838,8.126003,1.539418,2.247652,115.961838,9.096697,5.690427,5.102707,5.219047,1.0
1708963974.284039,4365.641113,4160.512695,4342.05127,4.0,4.0,4.0,100.0,,,,,,,,,,,,,,,,,,,,,,,,,,,,,,,,,,,,,,,,,6.781548,6.849493,1.165704,2.99894,3.6138,5.080435,5.360302,2.385785,1.275922,2.100369,7.463431,8.700123,2.408137,2.226512,1.667729,1.0
1708964441.792349,4562.05127,4188.205078,4430.769043,4.0,4.0,4.0,100.0,,,,,,,,,,,,,,,,,,,,,,,,,,,,,,,,,,,,,,,,,39.309071,9.548602,4.981183,2.318764,4.608042,11.964203,7.475376,4.412821,1.772499,2.070343,24.956528,8.27644,7.470954,1.900684,2.41143,1.0
1708964029.674833,4699.487305,4204.102539,4316.410156,4.0,4.0,4.0,100.0,,,,,,,,,,,,,,,,,,,,,,,,,,,,,,,,,,,,,,,,,329.845673,27.310463,6.172946,5.097713,3.640585,5.942122,2.356546,2.600467,1.540426,1.611805,170.717972,16.134056,1.433966,0.971237,1.17897,0.0
1708963910.890962,4131.794922,4099.487305,4273.846191,4.0,4.0,4.0,100.0,,,,,,,,,,,,,,,,,,,,,,,,,,,,,,,,,,,,,,,,,125.706245,22.543159,6.120792,3.773059,2.702666,7.030483,2.86765,1.287705,0.927451,1.193857,109.111137,7.263087,3.9848,2.133678,1.643716,-1.0
1708964036.176687,4409.230957,4140.512695,4322.05127,4.0,4.0,4.0,100.0,,,,,,,,,,,,,,,,,,,,,,,,,,,,,,,,,,,,,,,,,260.503632,11.474483,3.015666,2.628659,2.420039,4.202733,1.367337,3.883967,0.874403,1.000627,74.358009,3.327801,1.902777,1.736627,1.462623,0.0
1708964033.050796,4237.94873,4068.205078,4172.820313,4.0,4.0,4.0,100.0,91.666664,4.0,4.0,4.0,,,,,,,,,,,,,,,,,,,,,,,,,,,,,,,,,,,,,231.194687,48.764603,4.197679,1.881197,2.734592,16.351835,15.213443,2.247536,1.905267,1.40061,114.7687,33.796425,3.491283,1.240685,1.236167,0.0
1708963973.533825,4358.461426,4138.461426,4345.641113,4.0,4.0,4.0,100.0,91.666664,4.0,4.0,4.0,,,,,,,,,,,,,,,,,,,,,,,,,,,,,,,,,,,,,159.743271,14.569777,3.551577,3.860077,4.100354,7.883114,13.073623,4.930832,1.600245,1.216709,54.943062,11.500191,5.186696,1.707116,1.523184,1.0
1708964188.095007,4310.769043,4115.897461,4238.974121,4.0,4.0,4.0,100.0,100.0,4.0,4.0,4.0,,,,,,,,,,,,,,,,,,,,,,,,,,,,,,,,,,,,,74.494377,19.467234,7.23759,4.04196,1.813476,7.714499,7.030543,8.37394,1.467971,1.666187,34.005669,14.020771,6.80999,2.395552,2.536427,-1.0
1708964471.175727,4509.230957,4115.384766,4274.358887,4.0,4.0,4.0,100.0,16.666666,2.0,4.0,4.0,,,,,,,,,,,,,,,,,,,,,,,,,,,,,,,,,,,,,3.10922,5.80729,5.50243,2.119222,9.881489,6.40872,6.563014,5.654311,1.490605,1.462994,5.812286,5.060221,2.797415,2.770002,3.453803,-1.0
1708964470.925656,4326.666504,4075.384521,4105.128418,4.0,4.0,4.0,100.0,,,,,,,,,,,,,,,,,,,,,,,,,,,,,,,,,,,,,,,,,3.004424,5.983289,5.346388,2.292249,9.25867,6.593458,8.21971,7.520613,2.494237,1.854592,6.109792,6.424154,3.132723,3.222007,4.128554,-1.0
1708964187.969971,4312.820313,4086.153809,4205.641113,4.0,4.0,4.0,100.0,,,,,,,,,,,,,,,,,,,,,,,,,,,,,,,,,,,,,,,,,31.13693,12.109813,6.184841,4.007446,1.832362,5.931518,6.270656,6.953423,1.454687,1.693123,18.574003,9.298089,5.850989,2.374242,2.311201,-1.0
1708964189.970542,4351.282227,4174.871582,4342.563965,4.0,4.0,4.0,100.0,,,,,,,,,,,,,,,,,,,,,,,,,,,,,,,,,,,,,,,,,3.189849,4.066668,7.19413,3.177906,3.521654,1.727427,3.082767,2.040061,2.280302,0.995487,2.296176,1.972991,2.038767,2.177957,1.653467,-1.0
1708964037.051937,4382.563965,4152.820313,4343.589844,4.0,4.0,4.0,100.0,100.0,4.0,4.0,4.0,,,,,,,,,,,,,,,,,,,,,,,,,,,,,,,,,,,,,37.754166,4.824121,5.553082,3.126716,2.285733,5.267496,5.756256,1.403746,1.478298,0.857704,14.998556,2.288387,1.848097,1.671947,0.953835,0.0
1708963909.265499,4428.717773,4188.717773,4372.307617,4.0,4.0,4.0,100.0,,,,,,,,,,,,,,,,,,,,,,,,,,,,,,,,,,,,,,,,,44.294262,10.13712,5.74817,3.92875,4.914137,7.000442,6.439097,3.867241,2.815496,1.673348,23.408026,3.725286,5.24845,2.950808,1.987956,1.0
1708964544.44662,4230.256348,4133.846191,4307.692383,4.0,4.0,4.0,100.0,,,,,,,,,,,,,,,,,,,,,,,,,,,,,,,,,,,,,,,,,265.620605,43.501011,4.471203,7.735043,5.300867,8.429459,2.299841,4.209656,2.923251,1.926726,84.467491,13.221039,4.519158,2.266464,1.343464,-1.0
1708964189.470399,4304.102539,4125.128418,4292.307617,4.0,4.0,4.0,100.0,,,,,,,,,,,,,,,,,,,,,,,,,,,,,,,,,,,,,,,,,5.932792,2.944331,3.114316,2.391024,3.91543,2.874103,4.412808,2.206604,2.027982,1.424564,3.850522,3.075352,2.179003,2.125899,1.413609,-1.0
1708964579.081497,4406.153809,4134.871582,4322.05127,4.0,4.0,4.0,100.0,,,,,,,,,,,,,,,,,,,,,,,,,,,,,,,,,,,,,,,,,14.588472,4.919763,3.747665,4.440525,5.01849,13.834482,3.638482,3.190039,2.40284,2.157051,16.537052,4.321323,3.624488,2.225675,2.802866,0.0
1708963973.908932,4351.282227,4129.230957,4310.256348,4.0,4.0,4.0,100.0,,,,,,,,,,,,,,,,,,,,,,,,,,,,,,,,,,,,,,,,,18.05756,10.57877,1.297775,3.365853,3.222702,3.76046,10.780266,3.328268,1.8139,1.822343,9.849122,12.197128,1.759337,1.740001,1.583987,1.0
1708963909.51557,4872.820313,4133.333496,4509.743652,4.0,4.0,4.0,100.0,91.666664,3.0,4.0,4.0,,,,,,,,,,,,,,,,,,,,,,,,,,,,,,,,,,,,,76.974854,11.754834,4.787738,2.704258,4.209861,7.721148,5.810237,3.971947,2.375666,1.518778,49.198196,5.848142,6.405878,2.291473,1.908686,1.0
1708964451.920236,4301.025879,4084.102539,4247.692383,4.0,4.0,4.0,100.0,,,,,,,,,,,,,,,,,,,,,,,,,,,,,,,,,,,,,,,,,4.433847,5.095518,7.651226,5.106507,5.579069,3.857191,7.222574,10.469461,2.186336,1.728566,2.525032,6.21627,11.736769,2.167333,1.361822,1.0
1708964648.976427,4742.05127,4124.615234,4506.666504,4.0,4.0,4.0,100.0,,,,,,,,,,,,,,,,,,,,,,,,,,,,,,,,,,,,,,,,,9.90384,8.577975,3.159883,8.561846,4.373808,10.053716,6.275518,4.122999,1.951558,1.56227,6.225969,6.954838,3.027169,1.587805,1.720364,1.0
1708964188.595149,4300.0,4136.922852,4300.512695,4.0,4.0,4.0,100.0,100.0,4.0,4.0,4.0,,,,,,,,,,,,,,,,,,,,,,,,,,,,,,,,,,,,,365.79895,46.423321,6.808136,4.519779,3.644268,7.961501,5.837634,9.027444,2.858814,1.364011,132.767593,28.824972,6.808379,2.784506,2.014382,-1.0
